representation,sample_index,filename,test_fold,true_target,true_category,predicted_target,predicted_category,correct
Log-Mel,0,1-100032-A-0.wav,1,0,dog,0,dog,True
Log-Mel,1,1-100038-A-14.wav,1,14,chirping_birds,14,chirping_birds,True
Log-Mel,2,1-100210-A-36.wav,1,36,vacuum_cleaner,44,engine,False
Log-Mel,3,1-100210-B-36.wav,1,36,vacuum_cleaner,44,engine,False
Log-Mel,4,1-101296-A-19.wav,1,19,thunderstorm,16,wind,False
Log-Mel,5,1-101296-B-19.wav,1,19,thunderstorm,19,thunderstorm,True
Log-Mel,6,1-101336-A-30.wav,1,30,door_wood_knock,30,door_wood_knock,True
Log-Mel,7,1-101404-A-34.wav,1,34,can_opening,34,can_opening,True
Log-Mel,8,1-103298-A-9.wav,1,9,crow,9,crow,True
Log-Mel,9,1-103995-A-30.wav,1,30,door_wood_knock,30,door_wood_knock,True
Log-Mel,10,1-103999-A-30.wav,1,30,door_wood_knock,30,door_wood_knock,True
Log-Mel,11,1-104089-A-22.wav,1,22,clapping,22,clapping,True
Log-Mel,12,1-104089-B-22.wav,1,22,clapping,18,toilet_flush,False
Log-Mel,13,1-105224-A-22.wav,1,22,clapping,22,clapping,True
Log-Mel,14,1-110389-A-0.wav,1,0,dog,0,dog,True
Log-Mel,15,1-110537-A-22.wav,1,22,clapping,22,clapping,True
Log-Mel,16,1-115521-A-19.wav,1,19,thunderstorm,19,thunderstorm,True
Log-Mel,17,1-115545-A-48.wav,1,48,fireworks,33,door_wood_creaks,False
Log-Mel,18,1-115545-B-48.wav,1,48,fireworks,5,cat,False
Log-Mel,19,1-115545-C-48.wav,1,48,fireworks,48,fireworks,True
Log-Mel,20,1-115546-A-48.wav,1,48,fireworks,48,fireworks,True
Log-Mel,21,1-115920-A-22.wav,1,22,clapping,20,crying_baby,False
Log-Mel,22,1-115920-B-22.wav,1,22,clapping,22,clapping,True
Log-Mel,23,1-115921-A-22.wav,1,22,clapping,22,clapping,True
Log-Mel,24,1-116765-A-41.wav,1,41,chainsaw,41,chainsaw,True
Log-Mel,25,1-11687-A-47.wav,1,47,airplane,2,pig,False
Log-Mel,26,1-118206-A-31.wav,1,31,mouse_click,27,brushing_teeth,False
Log-Mel,27,1-118559-A-17.wav,1,17,pouring_water,17,pouring_water,True
Log-Mel,28,1-119125-A-45.wav,1,45,train,40,helicopter,False
Log-Mel,29,1-121951-A-8.wav,1,8,sheep,4,frog,False
Log-Mel,30,1-12653-A-15.wav,1,15,water_drops,15,water_drops,True
Log-Mel,31,1-12654-A-15.wav,1,15,water_drops,15,water_drops,True
Log-Mel,32,1-12654-B-15.wav,1,15,water_drops,15,water_drops,True
Log-Mel,33,1-13571-A-46.wav,1,46,church_bells,3,cow,False
Log-Mel,34,1-13572-A-46.wav,1,46,church_bells,42,siren,False
Log-Mel,35,1-13613-A-37.wav,1,37,clock_alarm,13,crickets,False
Log-Mel,36,1-137-A-32.wav,1,32,keyboard_typing,33,door_wood_creaks,False
Log-Mel,37,1-137296-A-16.wav,1,16,wind,16,wind,True
Log-Mel,38,1-14262-A-37.wav,1,37,clock_alarm,37,clock_alarm,True
Log-Mel,39,1-155858-A-25.wav,1,25,footsteps,15,water_drops,False
Log-Mel,40,1-155858-B-25.wav,1,25,footsteps,25,footsteps,True
Log-Mel,41,1-155858-C-25.wav,1,25,footsteps,25,footsteps,True
Log-Mel,42,1-155858-D-25.wav,1,25,footsteps,25,footsteps,True
Log-Mel,43,1-155858-E-25.wav,1,25,footsteps,7,insects,False
Log-Mel,44,1-155858-F-25.wav,1,25,footsteps,25,footsteps,True
Log-Mel,45,1-15689-A-4.wav,1,4,frog,5,cat,False
Log-Mel,46,1-15689-B-4.wav,1,4,frog,5,cat,False
Log-Mel,47,1-160563-A-48.wav,1,48,fireworks,33,door_wood_creaks,False
Log-Mel,48,1-160563-B-48.wav,1,48,fireworks,48,fireworks,True
Log-Mel,49,1-16568-A-3.wav,1,3,cow,24,coughing,False
Log-Mel,50,1-16746-A-15.wav,1,15,water_drops,15,water_drops,True
Log-Mel,51,1-17092-A-27.wav,1,27,brushing_teeth,27,brushing_teeth,True
Log-Mel,52,1-17092-B-27.wav,1,27,brushing_teeth,17,pouring_water,False
Log-Mel,53,1-17124-A-43.wav,1,43,car_horn,38,clock_tick,False
Log-Mel,54,1-17150-A-12.wav,1,12,crackling_fire,12,crackling_fire,True
Log-Mel,55,1-172649-A-40.wav,1,40,helicopter,10,rain,False
Log-Mel,56,1-172649-B-40.wav,1,40,helicopter,35,washing_machine,False
Log-Mel,57,1-172649-C-40.wav,1,40,helicopter,10,rain,False
Log-Mel,58,1-172649-D-40.wav,1,40,helicopter,10,rain,False
Log-Mel,59,1-172649-E-40.wav,1,40,helicopter,10,rain,False
Log-Mel,60,1-172649-F-40.wav,1,40,helicopter,11,sea_waves,False
Log-Mel,61,1-17295-A-29.wav,1,29,drinking_sipping,25,footsteps,False
Log-Mel,62,1-17367-A-10.wav,1,10,rain,41,chainsaw,False
Log-Mel,63,1-17565-A-12.wav,1,12,crackling_fire,12,crackling_fire,True
Log-Mel,64,1-17585-A-7.wav,1,7,insects,7,insects,True
Log-Mel,65,1-17742-A-12.wav,1,12,crackling_fire,37,clock_alarm,False
Log-Mel,66,1-17808-A-12.wav,1,12,crackling_fire,12,crackling_fire,True
Log-Mel,67,1-17808-B-12.wav,1,12,crackling_fire,12,crackling_fire,True
Log-Mel,68,1-1791-A-26.wav,1,26,laughing,29,drinking_sipping,False
Log-Mel,69,1-17970-A-4.wav,1,4,frog,4,frog,True
Log-Mel,70,1-18074-A-6.wav,1,6,hen,0,dog,False
Log-Mel,71,1-18074-B-6.wav,1,6,hen,0,dog,False
Log-Mel,72,1-181071-A-40.wav,1,40,helicopter,47,airplane,False
Log-Mel,73,1-181071-B-40.wav,1,40,helicopter,16,wind,False
Log-Mel,74,1-18527-A-44.wav,1,44,engine,16,wind,False
Log-Mel,75,1-18527-B-44.wav,1,44,engine,47,airplane,False
Log-Mel,76,1-18631-A-23.wav,1,23,breathing,19,thunderstorm,False
Log-Mel,77,1-18655-A-31.wav,1,31,mouse_click,31,mouse_click,True
Log-Mel,78,1-187207-A-20.wav,1,20,crying_baby,0,dog,False
Log-Mel,79,1-18755-A-4.wav,1,4,frog,4,frog,True
Log-Mel,80,1-18755-B-4.wav,1,4,frog,22,clapping,False
Log-Mel,81,1-18757-A-4.wav,1,4,frog,4,frog,True
Log-Mel,82,1-18810-A-49.wav,1,49,hand_saw,32,keyboard_typing,False
Log-Mel,83,1-19026-A-43.wav,1,43,car_horn,43,car_horn,True
Log-Mel,84,1-19111-A-24.wav,1,24,coughing,24,coughing,True
Log-Mel,85,1-19118-A-24.wav,1,24,coughing,29,drinking_sipping,False
Log-Mel,86,1-19501-A-7.wav,1,7,insects,24,coughing,False
Log-Mel,87,1-196660-A-8.wav,1,8,sheep,8,sheep,True
Log-Mel,88,1-196660-B-8.wav,1,8,sheep,8,sheep,True
Log-Mel,89,1-19840-A-36.wav,1,36,vacuum_cleaner,44,engine,False
Log-Mel,90,1-19872-A-36.wav,1,36,vacuum_cleaner,44,engine,False
Log-Mel,91,1-19872-B-36.wav,1,36,vacuum_cleaner,44,engine,False
Log-Mel,92,1-19898-A-41.wav,1,41,chainsaw,48,fireworks,False
Log-Mel,93,1-19898-B-41.wav,1,41,chainsaw,11,sea_waves,False
Log-Mel,94,1-19898-C-41.wav,1,41,chainsaw,11,sea_waves,False
Log-Mel,95,1-20133-A-39.wav,1,39,glass_breaking,31,mouse_click,False
Log-Mel,96,1-202111-A-3.wav,1,3,cow,7,insects,False
Log-Mel,97,1-20545-A-28.wav,1,28,snoring,28,snoring,True
Log-Mel,98,1-20736-A-18.wav,1,18,toilet_flush,18,toilet_flush,True
Log-Mel,99,1-208757-A-2.wav,1,2,pig,2,pig,True
Log-Mel,100,1-208757-B-2.wav,1,2,pig,45,train,False
Log-Mel,101,1-208757-C-2.wav,1,2,pig,45,train,False
Log-Mel,102,1-208757-D-2.wav,1,2,pig,2,pig,True
Log-Mel,103,1-208757-E-2.wav,1,2,pig,45,train,False
Log-Mel,104,1-211527-A-20.wav,1,20,crying_baby,20,crying_baby,True
Log-Mel,105,1-211527-B-20.wav,1,20,crying_baby,6,hen,False
Log-Mel,106,1-211527-C-20.wav,1,20,crying_baby,20,crying_baby,True
Log-Mel,107,1-21189-A-10.wav,1,10,rain,40,helicopter,False
Log-Mel,108,1-21421-A-46.wav,1,46,church_bells,45,train,False
Log-Mel,109,1-21896-A-35.wav,1,35,washing_machine,43,car_horn,False
Log-Mel,110,1-21934-A-38.wav,1,38,clock_tick,25,footsteps,False
Log-Mel,111,1-21935-A-38.wav,1,38,clock_tick,38,clock_tick,True
Log-Mel,112,1-223162-A-25.wav,1,25,footsteps,15,water_drops,False
Log-Mel,113,1-22694-A-20.wav,1,20,crying_baby,20,crying_baby,True
Log-Mel,114,1-22694-B-20.wav,1,20,crying_baby,32,keyboard_typing,False
Log-Mel,115,1-22804-A-46.wav,1,46,church_bells,8,sheep,False
Log-Mel,116,1-22882-A-44.wav,1,44,engine,44,engine,True
Log-Mel,117,1-23094-A-15.wav,1,15,water_drops,14,chirping_birds,False
Log-Mel,118,1-23094-B-15.wav,1,15,water_drops,14,chirping_birds,False
Log-Mel,119,1-23222-A-19.wav,1,19,thunderstorm,19,thunderstorm,True
Log-Mel,120,1-23222-B-19.wav,1,19,thunderstorm,19,thunderstorm,True
Log-Mel,121,1-23706-A-49.wav,1,49,hand_saw,49,hand_saw,True
Log-Mel,122,1-23996-A-35.wav,1,35,washing_machine,35,washing_machine,True
Log-Mel,123,1-23996-B-35.wav,1,35,washing_machine,10,rain,False
Log-Mel,124,1-24074-A-43.wav,1,43,car_horn,43,car_horn,True
Log-Mel,125,1-24076-A-43.wav,1,43,car_horn,47,airplane,False
Log-Mel,126,1-24524-A-19.wav,1,19,thunderstorm,19,thunderstorm,True
Log-Mel,127,1-24524-B-19.wav,1,19,thunderstorm,19,thunderstorm,True
Log-Mel,128,1-24524-C-19.wav,1,19,thunderstorm,48,fireworks,False
Log-Mel,129,1-24796-A-47.wav,1,47,airplane,47,airplane,True
Log-Mel,130,1-254507-A-43.wav,1,43,car_horn,48,fireworks,False
Log-Mel,131,1-25777-A-48.wav,1,48,fireworks,48,fireworks,True
Log-Mel,132,1-25781-A-48.wav,1,48,fireworks,38,clock_tick,False
Log-Mel,133,1-260640-A-2.wav,1,2,pig,2,pig,True
Log-Mel,134,1-260640-B-2.wav,1,2,pig,48,fireworks,False
Log-Mel,135,1-260640-C-2.wav,1,2,pig,48,fireworks,False
Log-Mel,136,1-26143-A-21.wav,1,21,sneezing,21,sneezing,True
Log-Mel,137,1-26176-A-43.wav,1,43,car_horn,33,door_wood_creaks,False
Log-Mel,138,1-26177-A-43.wav,1,43,car_horn,23,breathing,False
Log-Mel,139,1-26188-A-30.wav,1,30,door_wood_knock,30,door_wood_knock,True
Log-Mel,140,1-26222-A-10.wav,1,10,rain,10,rain,True
Log-Mel,141,1-26806-A-1.wav,1,1,rooster,0,dog,False
Log-Mel,142,1-27165-A-35.wav,1,35,washing_machine,10,rain,False
Log-Mel,143,1-27166-A-35.wav,1,35,washing_machine,41,chainsaw,False
Log-Mel,144,1-27403-A-28.wav,1,28,snoring,28,snoring,True
Log-Mel,145,1-27405-A-28.wav,1,28,snoring,28,snoring,True
Log-Mel,146,1-27724-A-1.wav,1,1,rooster,44,engine,False
Log-Mel,147,1-28005-A-18.wav,1,18,toilet_flush,18,toilet_flush,True
Log-Mel,148,1-28135-A-11.wav,1,11,sea_waves,11,sea_waves,True
Log-Mel,149,1-28135-B-11.wav,1,11,sea_waves,45,train,False
Log-Mel,150,1-28808-A-43.wav,1,43,car_horn,43,car_horn,True
Log-Mel,151,1-29532-A-16.wav,1,16,wind,27,brushing_teeth,False
Log-Mel,152,1-29561-A-10.wav,1,10,rain,10,rain,True
Log-Mel,153,1-29680-A-21.wav,1,21,sneezing,24,coughing,False
Log-Mel,154,1-30039-A-26.wav,1,26,laughing,2,pig,False
Log-Mel,155,1-30043-A-26.wav,1,26,laughing,26,laughing,True
Log-Mel,156,1-30214-A-18.wav,1,18,toilet_flush,18,toilet_flush,True
Log-Mel,157,1-30226-A-0.wav,1,0,dog,0,dog,True
Log-Mel,158,1-30344-A-0.wav,1,0,dog,0,dog,True
Log-Mel,159,1-30709-A-23.wav,1,23,breathing,6,hen,False
Log-Mel,160,1-30709-B-23.wav,1,23,breathing,6,hen,False
Log-Mel,161,1-30709-C-23.wav,1,23,breathing,2,pig,False
Log-Mel,162,1-30830-A-24.wav,1,24,coughing,29,drinking_sipping,False
Log-Mel,163,1-31251-A-6.wav,1,6,hen,8,sheep,False
Log-Mel,164,1-31251-B-6.wav,1,6,hen,9,crow,False
Log-Mel,165,1-31482-A-42.wav,1,42,siren,25,footsteps,False
Log-Mel,166,1-31482-B-42.wav,1,42,siren,6,hen,False
Log-Mel,167,1-31748-A-21.wav,1,21,sneezing,21,sneezing,True
Log-Mel,168,1-31836-A-4.wav,1,4,frog,9,crow,False
Log-Mel,169,1-31836-B-4.wav,1,4,frog,9,crow,False
Log-Mel,170,1-32318-A-0.wav,1,0,dog,0,dog,True
Log-Mel,171,1-32373-A-35.wav,1,35,washing_machine,44,engine,False
Log-Mel,172,1-32373-B-35.wav,1,35,washing_machine,35,washing_machine,True
Log-Mel,173,1-32579-A-29.wav,1,29,drinking_sipping,29,drinking_sipping,True
Log-Mel,174,1-33658-A-26.wav,1,26,laughing,24,coughing,False
Log-Mel,175,1-34094-A-5.wav,1,5,cat,6,hen,False
Log-Mel,176,1-34094-B-5.wav,1,5,cat,6,hen,False
Log-Mel,177,1-34119-A-1.wav,1,1,rooster,33,door_wood_creaks,False
Log-Mel,178,1-34119-B-1.wav,1,1,rooster,1,rooster,True
Log-Mel,179,1-34495-A-14.wav,1,14,chirping_birds,14,chirping_birds,True
Log-Mel,180,1-34497-A-14.wav,1,14,chirping_birds,14,chirping_birds,True
Log-Mel,181,1-34853-A-37.wav,1,37,clock_alarm,32,keyboard_typing,False
Log-Mel,182,1-35687-A-38.wav,1,38,clock_tick,45,train,False
Log-Mel,183,1-36164-A-26.wav,1,26,laughing,25,footsteps,False
Log-Mel,184,1-36164-B-26.wav,1,26,laughing,26,laughing,True
Log-Mel,185,1-36393-A-23.wav,1,23,breathing,24,coughing,False
Log-Mel,186,1-36397-A-23.wav,1,23,breathing,17,pouring_water,False
Log-Mel,187,1-36400-A-23.wav,1,23,breathing,24,coughing,False
Log-Mel,188,1-36402-A-23.wav,1,23,breathing,33,door_wood_creaks,False
Log-Mel,189,1-36929-A-47.wav,1,47,airplane,45,train,False
Log-Mel,190,1-37226-A-29.wav,1,29,drinking_sipping,24,coughing,False
Log-Mel,191,1-38559-A-14.wav,1,14,chirping_birds,8,sheep,False
Log-Mel,192,1-38560-A-14.wav,1,14,chirping_birds,14,chirping_birds,True
Log-Mel,193,1-39835-A-9.wav,1,9,crow,9,crow,True
Log-Mel,194,1-39835-B-9.wav,1,9,crow,9,crow,True
Log-Mel,195,1-39901-A-11.wav,1,11,sea_waves,11,sea_waves,True
Log-Mel,196,1-39901-B-11.wav,1,11,sea_waves,11,sea_waves,True
Log-Mel,197,1-39923-A-1.wav,1,1,rooster,1,rooster,True
Log-Mel,198,1-39937-A-28.wav,1,28,snoring,7,insects,False
Log-Mel,199,1-40154-A-46.wav,1,46,church_bells,46,church_bells,True
Log-Mel,200,1-40621-A-28.wav,1,28,snoring,28,snoring,True
Log-Mel,201,1-40730-A-1.wav,1,1,rooster,1,rooster,True
Log-Mel,202,1-40967-A-28.wav,1,28,snoring,6,hen,False
Log-Mel,203,1-41615-A-34.wav,1,34,can_opening,34,can_opening,True
Log-Mel,204,1-4211-A-12.wav,1,12,crackling_fire,32,keyboard_typing,False
Log-Mel,205,1-42139-A-38.wav,1,38,clock_tick,35,washing_machine,False
Log-Mel,206,1-43382-A-1.wav,1,1,rooster,1,rooster,True
Log-Mel,207,1-43760-A-11.wav,1,11,sea_waves,11,sea_waves,True
Log-Mel,208,1-43764-A-34.wav,1,34,can_opening,34,can_opening,True
Log-Mel,209,1-43807-A-47.wav,1,47,airplane,47,airplane,True
Log-Mel,210,1-43807-B-47.wav,1,47,airplane,47,airplane,True
Log-Mel,211,1-43807-C-47.wav,1,47,airplane,40,helicopter,False
Log-Mel,212,1-43807-D-47.wav,1,47,airplane,19,thunderstorm,False
Log-Mel,213,1-44831-A-1.wav,1,1,rooster,33,door_wood_creaks,False
Log-Mel,214,1-45641-A-27.wav,1,27,brushing_teeth,27,brushing_teeth,True
Log-Mel,215,1-45645-A-31.wav,1,31,mouse_click,31,mouse_click,True
Log-Mel,216,1-46040-A-14.wav,1,14,chirping_birds,27,brushing_teeth,False
Log-Mel,217,1-46272-A-12.wav,1,12,crackling_fire,12,crackling_fire,True
Log-Mel,218,1-46274-A-18.wav,1,18,toilet_flush,18,toilet_flush,True
Log-Mel,219,1-46353-A-49.wav,1,49,hand_saw,32,keyboard_typing,False
Log-Mel,220,1-46744-A-36.wav,1,36,vacuum_cleaner,18,toilet_flush,False
Log-Mel,221,1-46938-A-7.wav,1,7,insects,35,washing_machine,False
Log-Mel,222,1-46938-B-7.wav,1,7,insects,35,washing_machine,False
Log-Mel,223,1-47250-A-41.wav,1,41,chainsaw,11,sea_waves,False
Log-Mel,224,1-47250-B-41.wav,1,41,chainsaw,11,sea_waves,False
Log-Mel,225,1-47273-A-21.wav,1,21,sneezing,21,sneezing,True
Log-Mel,226,1-47274-A-21.wav,1,21,sneezing,21,sneezing,True
Log-Mel,227,1-47709-A-16.wav,1,16,wind,7,insects,False
Log-Mel,228,1-47714-A-16.wav,1,16,wind,16,wind,True
Log-Mel,229,1-47819-A-5.wav,1,5,cat,35,washing_machine,False
Log-Mel,230,1-47819-B-5.wav,1,5,cat,8,sheep,False
Log-Mel,231,1-47819-C-5.wav,1,5,cat,35,washing_machine,False
Log-Mel,232,1-47923-A-28.wav,1,28,snoring,18,toilet_flush,False
Log-Mel,233,1-48298-A-46.wav,1,46,church_bells,16,wind,False
Log-Mel,234,1-48413-A-38.wav,1,38,clock_tick,29,drinking_sipping,False
Log-Mel,235,1-49098-A-35.wav,1,35,washing_machine,28,snoring,False
Log-Mel,236,1-49409-A-8.wav,1,8,sheep,8,sheep,True
Log-Mel,237,1-49409-B-8.wav,1,8,sheep,8,sheep,True
Log-Mel,238,1-50060-A-10.wav,1,10,rain,10,rain,True
Log-Mel,239,1-50454-A-44.wav,1,44,engine,44,engine,True
Log-Mel,240,1-50455-A-44.wav,1,44,engine,44,engine,True
Log-Mel,241,1-50623-A-15.wav,1,15,water_drops,15,water_drops,True
Log-Mel,242,1-50625-A-17.wav,1,17,pouring_water,17,pouring_water,True
Log-Mel,243,1-50661-A-44.wav,1,44,engine,44,engine,True
Log-Mel,244,1-50688-A-17.wav,1,17,pouring_water,17,pouring_water,True
Log-Mel,245,1-51035-A-16.wav,1,16,wind,16,wind,True
Log-Mel,246,1-51036-A-16.wav,1,16,wind,16,wind,True
Log-Mel,247,1-51037-A-16.wav,1,16,wind,36,vacuum_cleaner,False
Log-Mel,248,1-51147-A-25.wav,1,25,footsteps,39,glass_breaking,False
Log-Mel,249,1-51170-A-18.wav,1,18,toilet_flush,49,hand_saw,False
Log-Mel,250,1-51433-A-17.wav,1,17,pouring_water,17,pouring_water,True
Log-Mel,251,1-51436-A-17.wav,1,17,pouring_water,17,pouring_water,True
Log-Mel,252,1-51805-A-33.wav,1,33,door_wood_creaks,20,crying_baby,False
Log-Mel,253,1-51805-B-33.wav,1,33,door_wood_creaks,33,door_wood_creaks,True
Log-Mel,254,1-51805-C-33.wav,1,33,door_wood_creaks,5,cat,False
Log-Mel,255,1-51805-D-33.wav,1,33,door_wood_creaks,33,door_wood_creaks,True
Log-Mel,256,1-51805-E-33.wav,1,33,door_wood_creaks,33,door_wood_creaks,True
Log-Mel,257,1-51805-F-33.wav,1,33,door_wood_creaks,33,door_wood_creaks,True
Log-Mel,258,1-51805-G-33.wav,1,33,door_wood_creaks,33,door_wood_creaks,True
Log-Mel,259,1-51805-H-33.wav,1,33,door_wood_creaks,33,door_wood_creaks,True
Log-Mel,260,1-52266-A-24.wav,1,24,coughing,24,coughing,True
Log-Mel,261,1-52290-A-30.wav,1,30,door_wood_knock,25,footsteps,False
Log-Mel,262,1-52323-A-24.wav,1,24,coughing,24,coughing,True
Log-Mel,263,1-53444-A-28.wav,1,28,snoring,28,snoring,True
Log-Mel,264,1-53467-A-47.wav,1,47,airplane,47,airplane,True
Log-Mel,265,1-53501-A-32.wav,1,32,keyboard_typing,17,pouring_water,False
Log-Mel,266,1-53663-A-24.wav,1,24,coughing,24,coughing,True
Log-Mel,267,1-53670-A-18.wav,1,18,toilet_flush,10,rain,False
Log-Mel,268,1-54065-A-45.wav,1,45,train,35,washing_machine,False
Log-Mel,269,1-54065-B-45.wav,1,45,train,23,breathing,False
Log-Mel,270,1-54084-A-42.wav,1,42,siren,26,laughing,False
Log-Mel,271,1-54505-A-21.wav,1,21,sneezing,0,dog,False
Log-Mel,272,1-54747-A-46.wav,1,46,church_bells,47,airplane,False
Log-Mel,273,1-54752-A-18.wav,1,18,toilet_flush,32,keyboard_typing,False
Log-Mel,274,1-54918-A-14.wav,1,14,chirping_birds,14,chirping_birds,True
Log-Mel,275,1-54918-B-14.wav,1,14,chirping_birds,14,chirping_birds,True
Log-Mel,276,1-54958-A-10.wav,1,10,rain,10,rain,True
Log-Mel,277,1-56233-A-9.wav,1,9,crow,9,crow,True
Log-Mel,278,1-56234-A-9.wav,1,9,crow,9,crow,True
Log-Mel,279,1-56269-A-18.wav,1,18,toilet_flush,18,toilet_flush,True
Log-Mel,280,1-56270-A-29.wav,1,29,drinking_sipping,24,coughing,False
Log-Mel,281,1-56311-A-10.wav,1,10,rain,10,rain,True
Log-Mel,282,1-56380-A-5.wav,1,5,cat,5,cat,True
Log-Mel,283,1-56380-B-5.wav,1,5,cat,9,crow,False
Log-Mel,284,1-56907-A-46.wav,1,46,church_bells,8,sheep,False
Log-Mel,285,1-57163-A-38.wav,1,38,clock_tick,39,glass_breaking,False
Log-Mel,286,1-57316-A-13.wav,1,13,crickets,13,crickets,True
Log-Mel,287,1-57318-A-13.wav,1,13,crickets,13,crickets,True
Log-Mel,288,1-57795-A-8.wav,1,8,sheep,26,laughing,False
Log-Mel,289,1-58277-A-3.wav,1,3,cow,3,cow,True
Log-Mel,290,1-58792-A-24.wav,1,24,coughing,22,clapping,False
Log-Mel,291,1-58846-A-34.wav,1,34,can_opening,34,can_opening,True
Log-Mel,292,1-58923-A-27.wav,1,27,brushing_teeth,27,brushing_teeth,True
Log-Mel,293,1-58923-B-27.wav,1,27,brushing_teeth,27,brushing_teeth,True
Log-Mel,294,1-59102-A-13.wav,1,13,crickets,13,crickets,True
Log-Mel,295,1-59324-A-21.wav,1,21,sneezing,21,sneezing,True
Log-Mel,296,1-59513-A-0.wav,1,0,dog,0,dog,True
Log-Mel,297,1-5996-A-6.wav,1,6,hen,6,hen,True
Log-Mel,298,1-60460-A-36.wav,1,36,vacuum_cleaner,36,vacuum_cleaner,True
Log-Mel,299,1-60676-A-34.wav,1,34,can_opening,34,can_opening,True
Log-Mel,300,1-60997-A-20.wav,1,20,crying_baby,20,crying_baby,True
Log-Mel,301,1-60997-B-20.wav,1,20,crying_baby,20,crying_baby,True
Log-Mel,302,1-61212-A-32.wav,1,32,keyboard_typing,23,breathing,False
Log-Mel,303,1-61221-A-17.wav,1,17,pouring_water,24,coughing,False
Log-Mel,304,1-61252-A-11.wav,1,11,sea_waves,11,sea_waves,True
Log-Mel,305,1-61261-A-44.wav,1,44,engine,25,footsteps,False
Log-Mel,306,1-61534-A-27.wav,1,27,brushing_teeth,9,crow,False
Log-Mel,307,1-62509-A-45.wav,1,45,train,45,train,True
Log-Mel,308,1-62565-A-44.wav,1,44,engine,40,helicopter,False
Log-Mel,309,1-62594-A-32.wav,1,32,keyboard_typing,12,crackling_fire,False
Log-Mel,310,1-62849-A-38.wav,1,38,clock_tick,21,sneezing,False
Log-Mel,311,1-62850-A-38.wav,1,38,clock_tick,21,sneezing,False
Log-Mel,312,1-63679-A-24.wav,1,24,coughing,18,toilet_flush,False
Log-Mel,313,1-63871-A-10.wav,1,10,rain,44,engine,False
Log-Mel,314,1-64398-A-41.wav,1,41,chainsaw,41,chainsaw,True
Log-Mel,315,1-64398-B-41.wav,1,41,chainsaw,11,sea_waves,False
Log-Mel,316,1-64473-A-45.wav,1,45,train,10,rain,False
Log-Mel,317,1-65483-A-13.wav,1,13,crickets,13,crickets,True
Log-Mel,318,1-67033-A-37.wav,1,37,clock_alarm,37,clock_alarm,True
Log-Mel,319,1-67152-A-17.wav,1,17,pouring_water,17,pouring_water,True
Log-Mel,320,1-67230-A-29.wav,1,29,drinking_sipping,2,pig,False
Log-Mel,321,1-67432-A-27.wav,1,27,brushing_teeth,27,brushing_teeth,True
Log-Mel,322,1-68628-A-27.wav,1,27,brushing_teeth,32,keyboard_typing,False
Log-Mel,323,1-68670-A-34.wav,1,34,can_opening,34,can_opening,True
Log-Mel,324,1-68734-A-34.wav,1,34,can_opening,34,can_opening,True
Log-Mel,325,1-69165-A-34.wav,1,34,can_opening,34,can_opening,True
Log-Mel,326,1-69422-A-3.wav,1,3,cow,30,door_wood_knock,False
Log-Mel,327,1-69641-A-3.wav,1,3,cow,33,door_wood_creaks,False
Log-Mel,328,1-69760-A-16.wav,1,16,wind,44,engine,False
Log-Mel,329,1-70300-A-45.wav,1,45,train,47,airplane,False
Log-Mel,330,1-7057-A-12.wav,1,12,crackling_fire,12,crackling_fire,True
Log-Mel,331,1-71030-A-6.wav,1,6,hen,7,insects,False
Log-Mel,332,1-72195-A-37.wav,1,37,clock_alarm,37,clock_alarm,True
Log-Mel,333,1-72195-B-37.wav,1,37,clock_alarm,37,clock_alarm,True
Log-Mel,334,1-72229-A-6.wav,1,6,hen,3,cow,False
Log-Mel,335,1-72229-B-6.wav,1,6,hen,6,hen,True
Log-Mel,336,1-72695-A-26.wav,1,26,laughing,26,laughing,True
Log-Mel,337,1-73123-A-26.wav,1,26,laughing,24,coughing,False
Log-Mel,338,1-73585-A-7.wav,1,7,insects,36,vacuum_cleaner,False
Log-Mel,339,1-74517-A-37.wav,1,37,clock_alarm,37,clock_alarm,True
Log-Mel,340,1-7456-A-13.wav,1,13,crickets,13,crickets,True
Log-Mel,341,1-75162-A-9.wav,1,9,crow,1,rooster,False
Log-Mel,342,1-75189-A-7.wav,1,7,insects,45,train,False
Log-Mel,343,1-75190-A-8.wav,1,8,sheep,8,sheep,True
Log-Mel,344,1-76831-A-42.wav,1,42,siren,26,laughing,False
Log-Mel,345,1-76831-B-42.wav,1,42,siren,42,siren,True
Log-Mel,346,1-76831-C-42.wav,1,42,siren,42,siren,True
Log-Mel,347,1-76831-D-42.wav,1,42,siren,26,laughing,False
Log-Mel,348,1-76831-E-42.wav,1,42,siren,6,hen,False
Log-Mel,349,1-77160-A-3.wav,1,3,cow,3,cow,True
Log-Mel,350,1-77241-A-3.wav,1,3,cow,3,cow,True
Log-Mel,351,1-79113-A-5.wav,1,5,cat,28,snoring,False
Log-Mel,352,1-79146-A-29.wav,1,29,drinking_sipping,29,drinking_sipping,True
Log-Mel,353,1-79220-A-17.wav,1,17,pouring_water,34,can_opening,False
Log-Mel,354,1-79236-A-36.wav,1,36,vacuum_cleaner,49,hand_saw,False
Log-Mel,355,1-79711-A-32.wav,1,32,keyboard_typing,27,brushing_teeth,False
Log-Mel,356,1-7973-A-7.wav,1,7,insects,26,laughing,False
Log-Mel,357,1-7974-A-49.wav,1,49,hand_saw,22,clapping,False
Log-Mel,358,1-7974-B-49.wav,1,49,hand_saw,23,breathing,False
Log-Mel,359,1-80785-A-7.wav,1,7,insects,44,engine,False
Log-Mel,360,1-80840-A-13.wav,1,13,crickets,35,washing_machine,False
Log-Mel,361,1-80841-A-13.wav,1,13,crickets,13,crickets,True
Log-Mel,362,1-81001-A-30.wav,1,30,door_wood_knock,30,door_wood_knock,True
Log-Mel,363,1-81001-B-30.wav,1,30,door_wood_knock,24,coughing,False
Log-Mel,364,1-81269-A-3.wav,1,3,cow,26,laughing,False
Log-Mel,365,1-81851-A-31.wav,1,31,mouse_click,42,siren,False
Log-Mel,366,1-81883-A-21.wav,1,21,sneezing,21,sneezing,True
Log-Mel,367,1-82817-A-30.wav,1,30,door_wood_knock,30,door_wood_knock,True
Log-Mel,368,1-84393-A-32.wav,1,32,keyboard_typing,15,water_drops,False
Log-Mel,369,1-84536-A-39.wav,1,39,glass_breaking,39,glass_breaking,True
Log-Mel,370,1-84704-A-39.wav,1,39,glass_breaking,39,glass_breaking,True
Log-Mel,371,1-84705-A-39.wav,1,39,glass_breaking,21,sneezing,False
Log-Mel,372,1-85123-A-31.wav,1,31,mouse_click,13,crickets,False
Log-Mel,373,1-85168-A-39.wav,1,39,glass_breaking,34,can_opening,False
Log-Mel,374,1-85184-A-39.wav,1,39,glass_breaking,39,glass_breaking,True
Log-Mel,375,1-85362-A-0.wav,1,0,dog,6,hen,False
Log-Mel,376,1-85909-A-29.wav,1,29,drinking_sipping,29,drinking_sipping,True
Log-Mel,377,1-87565-A-29.wav,1,29,drinking_sipping,25,footsteps,False
Log-Mel,378,1-88409-A-45.wav,1,45,train,47,airplane,False
Log-Mel,379,1-88409-B-45.wav,1,45,train,45,train,True
Log-Mel,380,1-88574-A-8.wav,1,8,sheep,4,frog,False
Log-Mel,381,1-88807-A-39.wav,1,39,glass_breaking,34,can_opening,False
Log-Mel,382,1-90797-A-15.wav,1,15,water_drops,21,sneezing,False
Log-Mel,383,1-91359-A-11.wav,1,11,sea_waves,41,chainsaw,False
Log-Mel,384,1-91359-B-11.wav,1,11,sea_waves,11,sea_waves,True
Log-Mel,385,1-94036-A-22.wav,1,22,clapping,11,sea_waves,False
Log-Mel,386,1-94231-A-32.wav,1,32,keyboard_typing,18,toilet_flush,False
Log-Mel,387,1-94231-B-32.wav,1,32,keyboard_typing,18,toilet_flush,False
Log-Mel,388,1-95563-A-31.wav,1,31,mouse_click,31,mouse_click,True
Log-Mel,389,1-96890-A-37.wav,1,37,clock_alarm,37,clock_alarm,True
Log-Mel,390,1-96950-A-9.wav,1,9,crow,9,crow,True
Log-Mel,391,1-96950-B-9.wav,1,9,crow,0,dog,False
Log-Mel,392,1-97392-A-0.wav,1,0,dog,0,dog,True
Log-Mel,393,1-977-A-39.wav,1,39,glass_breaking,39,glass_breaking,True
Log-Mel,394,1-97793-A-31.wav,1,31,mouse_click,31,mouse_click,True
Log-Mel,395,1-9841-A-13.wav,1,13,crickets,13,crickets,True
Log-Mel,396,1-9886-A-49.wav,1,49,hand_saw,25,footsteps,False
Log-Mel,397,1-9887-A-49.wav,1,49,hand_saw,12,crackling_fire,False
Log-Mel,398,1-9887-B-49.wav,1,49,hand_saw,39,glass_breaking,False
Log-Mel,399,1-99958-A-31.wav,1,31,mouse_click,7,insects,False
Log-Mel,400,2-100648-A-43.wav,2,43,car_horn,12,crackling_fire,False
Log-Mel,401,2-100786-A-1.wav,2,1,rooster,1,rooster,True
Log-Mel,402,2-101676-A-10.wav,2,10,rain,10,rain,True
Log-Mel,403,2-102414-A-17.wav,2,17,pouring_water,29,drinking_sipping,False
Log-Mel,404,2-102414-B-17.wav,2,17,pouring_water,49,hand_saw,False
Log-Mel,405,2-102414-C-17.wav,2,17,pouring_water,17,pouring_water,True
Log-Mel,406,2-102414-D-17.wav,2,17,pouring_water,39,glass_breaking,False
Log-Mel,407,2-102414-E-17.wav,2,17,pouring_water,17,pouring_water,True
Log-Mel,408,2-102414-F-17.wav,2,17,pouring_water,49,hand_saw,False
Log-Mel,409,2-102414-G-17.wav,2,17,pouring_water,49,hand_saw,False
Log-Mel,410,2-102435-A-37.wav,2,37,clock_alarm,37,clock_alarm,True
Log-Mel,411,2-102567-A-35.wav,2,35,washing_machine,13,crickets,False
Log-Mel,412,2-102567-B-35.wav,2,35,washing_machine,35,washing_machine,True
Log-Mel,413,2-102567-C-35.wav,2,35,washing_machine,13,crickets,False
Log-Mel,414,2-102567-D-35.wav,2,35,washing_machine,13,crickets,False
Log-Mel,415,2-102568-A-35.wav,2,35,washing_machine,35,washing_machine,True
Log-Mel,416,2-102581-A-29.wav,2,29,drinking_sipping,30,door_wood_knock,False
Log-Mel,417,2-102581-B-29.wav,2,29,drinking_sipping,30,door_wood_knock,False
Log-Mel,418,2-102852-A-11.wav,2,11,sea_waves,11,sea_waves,True
Log-Mel,419,2-103423-A-3.wav,2,3,cow,1,rooster,False
Log-Mel,420,2-103424-A-3.wav,2,3,cow,1,rooster,False
Log-Mel,421,2-103426-A-3.wav,2,3,cow,30,door_wood_knock,False
Log-Mel,422,2-103427-A-3.wav,2,3,cow,1,rooster,False
Log-Mel,423,2-103428-A-3.wav,2,3,cow,26,laughing,False
Log-Mel,424,2-104105-A-19.wav,2,19,thunderstorm,19,thunderstorm,True
Log-Mel,425,2-104105-B-19.wav,2,19,thunderstorm,19,thunderstorm,True
Log-Mel,426,2-104168-A-32.wav,2,32,keyboard_typing,32,keyboard_typing,True
Log-Mel,427,2-104475-A-37.wav,2,37,clock_alarm,37,clock_alarm,True
Log-Mel,428,2-104476-A-37.wav,2,37,clock_alarm,14,chirping_birds,False
Log-Mel,429,2-104877-A-3.wav,2,3,cow,19,thunderstorm,False
Log-Mel,430,2-104952-A-16.wav,2,16,wind,45,train,False
Log-Mel,431,2-104952-B-16.wav,2,16,wind,45,train,False
Log-Mel,432,2-105270-A-47.wav,2,47,airplane,40,helicopter,False
Log-Mel,433,2-106014-A-44.wav,2,44,engine,40,helicopter,False
Log-Mel,434,2-106015-A-44.wav,2,44,engine,40,helicopter,False
Log-Mel,435,2-106015-B-44.wav,2,44,engine,40,helicopter,False
Log-Mel,436,2-106019-A-13.wav,2,13,crickets,10,rain,False
Log-Mel,437,2-106072-A-36.wav,2,36,vacuum_cleaner,22,clapping,False
Log-Mel,438,2-106073-A-36.wav,2,36,vacuum_cleaner,35,washing_machine,False
Log-Mel,439,2-106486-A-44.wav,2,44,engine,44,engine,True
Log-Mel,440,2-106487-A-44.wav,2,44,engine,44,engine,True
Log-Mel,441,2-106849-A-47.wav,2,47,airplane,46,church_bells,False
Log-Mel,442,2-106881-A-39.wav,2,39,glass_breaking,17,pouring_water,False
Log-Mel,443,2-107228-A-44.wav,2,44,engine,2,pig,False
Log-Mel,444,2-107228-B-44.wav,2,44,engine,18,toilet_flush,False
Log-Mel,445,2-107351-A-20.wav,2,20,crying_baby,20,crying_baby,True
Log-Mel,446,2-107351-B-20.wav,2,20,crying_baby,20,crying_baby,True
Log-Mel,447,2-108017-A-24.wav,2,24,coughing,25,footsteps,False
Log-Mel,448,2-108760-A-14.wav,2,14,chirping_birds,6,hen,False
Log-Mel,449,2-108760-B-14.wav,2,14,chirping_birds,14,chirping_birds,True
Log-Mel,450,2-108761-A-14.wav,2,14,chirping_birds,16,wind,False
Log-Mel,451,2-108763-A-9.wav,2,9,crow,6,hen,False
Log-Mel,452,2-108766-A-9.wav,2,9,crow,9,crow,True
Log-Mel,453,2-108767-A-9.wav,2,9,crow,6,hen,False
Log-Mel,454,2-108767-B-9.wav,2,9,crow,6,hen,False
Log-Mel,455,2-108767-C-9.wav,2,9,crow,6,hen,False
Log-Mel,456,2-109231-A-9.wav,2,9,crow,4,frog,False
Log-Mel,457,2-109231-B-9.wav,2,9,crow,32,keyboard_typing,False
Log-Mel,458,2-109231-C-9.wav,2,9,crow,4,frog,False
Log-Mel,459,2-109316-A-32.wav,2,32,keyboard_typing,32,keyboard_typing,True
Log-Mel,460,2-109371-A-16.wav,2,16,wind,40,helicopter,False
Log-Mel,461,2-109371-B-16.wav,2,16,wind,40,helicopter,False
Log-Mel,462,2-109371-C-16.wav,2,16,wind,40,helicopter,False
Log-Mel,463,2-109371-D-16.wav,2,16,wind,40,helicopter,False
Log-Mel,464,2-109374-A-16.wav,2,16,wind,16,wind,True
Log-Mel,465,2-109505-A-21.wav,2,21,sneezing,21,sneezing,True
Log-Mel,466,2-109759-A-26.wav,2,26,laughing,15,water_drops,False
Log-Mel,467,2-109759-B-26.wav,2,26,laughing,26,laughing,True
Log-Mel,468,2-110010-A-5.wav,2,5,cat,5,cat,True
Log-Mel,469,2-110011-A-5.wav,2,5,cat,5,cat,True
Log-Mel,470,2-110417-A-28.wav,2,28,snoring,31,mouse_click,False
Log-Mel,471,2-110417-B-28.wav,2,28,snoring,28,snoring,True
Log-Mel,472,2-110613-A-13.wav,2,13,crickets,13,crickets,True
Log-Mel,473,2-110614-A-8.wav,2,8,sheep,8,sheep,True
Log-Mel,474,2-110614-B-8.wav,2,8,sheep,8,sheep,True
Log-Mel,475,2-112213-A-39.wav,2,39,glass_breaking,18,toilet_flush,False
Log-Mel,476,2-112213-B-39.wav,2,39,glass_breaking,27,brushing_teeth,False
Log-Mel,477,2-114254-A-30.wav,2,30,door_wood_knock,30,door_wood_knock,True
Log-Mel,478,2-114280-A-0.wav,2,0,dog,0,dog,True
Log-Mel,479,2-114587-A-0.wav,2,0,dog,0,dog,True
Log-Mel,480,2-114609-A-28.wav,2,28,snoring,48,fireworks,False
Log-Mel,481,2-114609-B-28.wav,2,28,snoring,48,fireworks,False
Log-Mel,482,2-116400-A-0.wav,2,0,dog,0,dog,True
Log-Mel,483,2-117116-A-37.wav,2,37,clock_alarm,37,clock_alarm,True
Log-Mel,484,2-117271-A-0.wav,2,0,dog,0,dog,True
Log-Mel,485,2-117330-A-28.wav,2,28,snoring,31,mouse_click,False
Log-Mel,486,2-117615-A-48.wav,2,48,fireworks,48,fireworks,True
Log-Mel,487,2-117615-B-48.wav,2,48,fireworks,48,fireworks,True
Log-Mel,488,2-117615-C-48.wav,2,48,fireworks,48,fireworks,True
Log-Mel,489,2-117615-D-48.wav,2,48,fireworks,48,fireworks,True
Log-Mel,490,2-117615-E-48.wav,2,48,fireworks,48,fireworks,True
Log-Mel,491,2-117616-A-48.wav,2,48,fireworks,22,clapping,False
Log-Mel,492,2-117617-A-48.wav,2,48,fireworks,41,chainsaw,False
Log-Mel,493,2-117625-A-10.wav,2,10,rain,10,rain,True
Log-Mel,494,2-117795-A-3.wav,2,3,cow,3,cow,True
Log-Mel,495,2-117795-B-3.wav,2,3,cow,8,sheep,False
Log-Mel,496,2-118072-A-0.wav,2,0,dog,0,dog,True
Log-Mel,497,2-118104-A-21.wav,2,21,sneezing,21,sneezing,True
Log-Mel,498,2-118459-A-32.wav,2,32,keyboard_typing,25,footsteps,False
Log-Mel,499,2-118459-B-32.wav,2,32,keyboard_typing,49,hand_saw,False
Log-Mel,500,2-118624-A-30.wav,2,30,door_wood_knock,30,door_wood_knock,True
Log-Mel,501,2-118625-A-30.wav,2,30,door_wood_knock,30,door_wood_knock,True
Log-Mel,502,2-118817-A-32.wav,2,32,keyboard_typing,12,crackling_fire,False
Log-Mel,503,2-118964-A-0.wav,2,0,dog,24,coughing,False
Log-Mel,504,2-119102-A-21.wav,2,21,sneezing,21,sneezing,True
Log-Mel,505,2-119139-A-31.wav,2,31,mouse_click,7,insects,False
Log-Mel,506,2-119161-A-8.wav,2,8,sheep,21,sneezing,False
Log-Mel,507,2-119161-B-8.wav,2,8,sheep,23,breathing,False
Log-Mel,508,2-119161-C-8.wav,2,8,sheep,21,sneezing,False
Log-Mel,509,2-119748-A-38.wav,2,38,clock_tick,29,drinking_sipping,False
Log-Mel,510,2-120218-A-30.wav,2,30,door_wood_knock,30,door_wood_knock,True
Log-Mel,511,2-120218-B-30.wav,2,30,door_wood_knock,30,door_wood_knock,True
Log-Mel,512,2-120333-A-32.wav,2,32,keyboard_typing,12,crackling_fire,False
Log-Mel,513,2-120586-A-6.wav,2,6,hen,21,sneezing,False
Log-Mel,514,2-120587-A-6.wav,2,6,hen,24,coughing,False
Log-Mel,515,2-121909-A-35.wav,2,35,washing_machine,44,engine,False
Log-Mel,516,2-121978-A-29.wav,2,29,drinking_sipping,46,church_bells,False
Log-Mel,517,2-122066-A-45.wav,2,45,train,45,train,True
Log-Mel,518,2-122066-B-45.wav,2,45,train,11,sea_waves,False
Log-Mel,519,2-122067-A-45.wav,2,45,train,45,train,True
Log-Mel,520,2-122067-B-45.wav,2,45,train,45,train,True
Log-Mel,521,2-122104-A-0.wav,2,0,dog,0,dog,True
Log-Mel,522,2-122104-B-0.wav,2,0,dog,0,dog,True
Log-Mel,523,2-122616-A-14.wav,2,14,chirping_birds,14,chirping_birds,True
Log-Mel,524,2-122763-A-29.wav,2,29,drinking_sipping,29,drinking_sipping,True
Log-Mel,525,2-122763-B-29.wav,2,29,drinking_sipping,48,fireworks,False
Log-Mel,526,2-122820-A-36.wav,2,36,vacuum_cleaner,36,vacuum_cleaner,True
Log-Mel,527,2-122820-B-36.wav,2,36,vacuum_cleaner,36,vacuum_cleaner,True
Log-Mel,528,2-123712-A-33.wav,2,33,door_wood_creaks,15,water_drops,False
Log-Mel,529,2-123896-A-24.wav,2,24,coughing,24,coughing,True
Log-Mel,530,2-124564-A-15.wav,2,15,water_drops,25,footsteps,False
Log-Mel,531,2-124662-A-11.wav,2,11,sea_waves,18,toilet_flush,False
Log-Mel,532,2-125520-A-43.wav,2,43,car_horn,43,car_horn,True
Log-Mel,533,2-125821-A-13.wav,2,13,crickets,13,crickets,True
Log-Mel,534,2-125875-A-13.wav,2,13,crickets,37,clock_alarm,False
Log-Mel,535,2-125966-A-11.wav,2,11,sea_waves,22,clapping,False
Log-Mel,536,2-126433-A-17.wav,2,17,pouring_water,17,pouring_water,True
Log-Mel,537,2-126756-A-29.wav,2,29,drinking_sipping,29,drinking_sipping,True
Log-Mel,538,2-127108-A-38.wav,2,38,clock_tick,0,dog,False
Log-Mel,539,2-127109-A-6.wav,2,6,hen,6,hen,True
Log-Mel,540,2-128465-A-43.wav,2,43,car_horn,45,train,False
Log-Mel,541,2-128465-B-43.wav,2,43,car_horn,43,car_horn,True
Log-Mel,542,2-128631-A-21.wav,2,21,sneezing,21,sneezing,True
Log-Mel,543,2-130245-A-34.wav,2,34,can_opening,38,clock_tick,False
Log-Mel,544,2-130978-A-21.wav,2,21,sneezing,21,sneezing,True
Log-Mel,545,2-130979-A-21.wav,2,21,sneezing,21,sneezing,True
Log-Mel,546,2-131943-A-38.wav,2,38,clock_tick,38,clock_tick,True
Log-Mel,547,2-132157-A-11.wav,2,11,sea_waves,11,sea_waves,True
Log-Mel,548,2-132157-B-11.wav,2,11,sea_waves,11,sea_waves,True
Log-Mel,549,2-133863-A-11.wav,2,11,sea_waves,11,sea_waves,True
Log-Mel,550,2-133889-A-30.wav,2,30,door_wood_knock,30,door_wood_knock,True
Log-Mel,551,2-134049-A-6.wav,2,6,hen,6,hen,True
Log-Mel,552,2-134700-A-38.wav,2,38,clock_tick,48,fireworks,False
Log-Mel,553,2-134915-A-30.wav,2,30,door_wood_knock,30,door_wood_knock,True
Log-Mel,554,2-135649-A-45.wav,2,45,train,45,train,True
Log-Mel,555,2-135649-B-45.wav,2,45,train,45,train,True
Log-Mel,556,2-135649-C-45.wav,2,45,train,45,train,True
Log-Mel,557,2-135728-A-38.wav,2,38,clock_tick,12,crackling_fire,False
Log-Mel,558,2-135860-A-49.wav,2,49,hand_saw,23,breathing,False
Log-Mel,559,2-137162-A-11.wav,2,11,sea_waves,11,sea_waves,True
Log-Mel,560,2-138257-A-31.wav,2,31,mouse_click,7,insects,False
Log-Mel,561,2-138465-A-43.wav,2,43,car_horn,44,engine,False
Log-Mel,562,2-139748-A-15.wav,2,15,water_drops,48,fireworks,False
Log-Mel,563,2-139748-B-15.wav,2,15,water_drops,48,fireworks,False
Log-Mel,564,2-139749-A-15.wav,2,15,water_drops,48,fireworks,False
Log-Mel,565,2-140147-A-38.wav,2,38,clock_tick,5,cat,False
Log-Mel,566,2-140841-A-30.wav,2,30,door_wood_knock,30,door_wood_knock,True
Log-Mel,567,2-141563-A-39.wav,2,39,glass_breaking,39,glass_breaking,True
Log-Mel,568,2-141584-A-38.wav,2,38,clock_tick,14,chirping_birds,False
Log-Mel,569,2-141681-A-36.wav,2,36,vacuum_cleaner,16,wind,False
Log-Mel,570,2-141681-B-36.wav,2,36,vacuum_cleaner,36,vacuum_cleaner,True
Log-Mel,571,2-141682-A-36.wav,2,36,vacuum_cleaner,49,hand_saw,False
Log-Mel,572,2-141682-B-36.wav,2,36,vacuum_cleaner,36,vacuum_cleaner,True
Log-Mel,573,2-144031-A-34.wav,2,34,can_opening,34,can_opening,True
Log-Mel,574,2-144137-A-43.wav,2,43,car_horn,33,door_wood_creaks,False
Log-Mel,575,2-146877-A-31.wav,2,31,mouse_click,31,mouse_click,True
Log-Mel,576,2-146877-B-31.wav,2,31,mouse_click,31,mouse_click,True
Log-Mel,577,2-151079-A-20.wav,2,20,crying_baby,20,crying_baby,True
Log-Mel,578,2-152895-A-31.wav,2,31,mouse_click,18,toilet_flush,False
Log-Mel,579,2-152964-A-31.wav,2,31,mouse_click,7,insects,False
Log-Mel,580,2-153388-A-31.wav,2,31,mouse_click,22,clapping,False
Log-Mel,581,2-154688-A-31.wav,2,31,mouse_click,31,mouse_click,True
Log-Mel,582,2-155801-A-11.wav,2,11,sea_waves,11,sea_waves,True
Log-Mel,583,2-157488-A-6.wav,2,6,hen,6,hen,True
Log-Mel,584,2-158746-A-2.wav,2,2,pig,19,thunderstorm,False
Log-Mel,585,2-158746-B-2.wav,2,2,pig,2,pig,True
Log-Mel,586,2-158746-C-2.wav,2,2,pig,2,pig,True
Log-Mel,587,2-158746-D-2.wav,2,2,pig,29,drinking_sipping,False
Log-Mel,588,2-160128-A-7.wav,2,7,insects,7,insects,True
Log-Mel,589,2-160888-A-47.wav,2,47,airplane,44,engine,False
Log-Mel,590,2-165801-A-48.wav,2,48,fireworks,48,fireworks,True
Log-Mel,591,2-166644-A-2.wav,2,2,pig,2,pig,True
Log-Mel,592,2-166644-B-2.wav,2,2,pig,2,pig,True
Log-Mel,593,2-166644-C-2.wav,2,2,pig,3,cow,False
Log-Mel,594,2-173559-A-39.wav,2,39,glass_breaking,24,coughing,False
Log-Mel,595,2-173607-A-39.wav,2,39,glass_breaking,39,glass_breaking,True
Log-Mel,596,2-173618-A-39.wav,2,39,glass_breaking,27,brushing_teeth,False
Log-Mel,597,2-182508-A-8.wav,2,8,sheep,8,sheep,True
Log-Mel,598,2-182508-B-8.wav,2,8,sheep,4,frog,False
Log-Mel,599,2-184077-A-49.wav,2,49,hand_saw,25,footsteps,False
Log-Mel,600,2-18766-A-12.wav,2,12,crackling_fire,12,crackling_fire,True
Log-Mel,601,2-18766-B-12.wav,2,12,crackling_fire,15,water_drops,False
Log-Mel,602,2-188822-A-40.wav,2,40,helicopter,46,church_bells,False
Log-Mel,603,2-188822-B-40.wav,2,40,helicopter,46,church_bells,False
Log-Mel,604,2-188822-C-40.wav,2,40,helicopter,45,train,False
Log-Mel,605,2-188822-D-40.wav,2,40,helicopter,35,washing_machine,False
Log-Mel,606,2-196688-A-8.wav,2,8,sheep,41,chainsaw,False
Log-Mel,607,2-205966-A-16.wav,2,16,wind,46,church_bells,False
Log-Mel,608,2-209471-A-25.wav,2,25,footsteps,7,insects,False
Log-Mel,609,2-209472-A-25.wav,2,25,footsteps,26,laughing,False
Log-Mel,610,2-209473-A-25.wav,2,25,footsteps,7,insects,False
Log-Mel,611,2-209474-A-25.wav,2,25,footsteps,25,footsteps,True
Log-Mel,612,2-209475-A-25.wav,2,25,footsteps,7,insects,False
Log-Mel,613,2-209476-A-25.wav,2,25,footsteps,28,snoring,False
Log-Mel,614,2-209477-A-25.wav,2,25,footsteps,18,toilet_flush,False
Log-Mel,615,2-209478-A-25.wav,2,25,footsteps,18,toilet_flush,False
Log-Mel,616,2-250710-A-39.wav,2,39,glass_breaking,21,sneezing,False
Log-Mel,617,2-25292-A-22.wav,2,22,clapping,22,clapping,True
Log-Mel,618,2-25293-A-22.wav,2,22,clapping,22,clapping,True
Log-Mel,619,2-262579-A-45.wav,2,45,train,45,train,True
Log-Mel,620,2-28314-A-12.wav,2,12,crackling_fire,12,crackling_fire,True
Log-Mel,621,2-28314-B-12.wav,2,12,crackling_fire,12,crackling_fire,True
Log-Mel,622,2-30322-A-12.wav,2,12,crackling_fire,12,crackling_fire,True
Log-Mel,623,2-30322-B-12.wav,2,12,crackling_fire,12,crackling_fire,True
Log-Mel,624,2-32515-A-4.wav,2,4,frog,4,frog,True
Log-Mel,625,2-32515-B-4.wav,2,4,frog,32,keyboard_typing,False
Log-Mel,626,2-32515-C-4.wav,2,4,frog,4,frog,True
Log-Mel,627,2-32515-D-4.wav,2,4,frog,4,frog,True
Log-Mel,628,2-32834-A-4.wav,2,4,frog,4,frog,True
Log-Mel,629,2-37806-A-40.wav,2,40,helicopter,40,helicopter,True
Log-Mel,630,2-37806-B-40.wav,2,40,helicopter,40,helicopter,True
Log-Mel,631,2-37806-C-40.wav,2,40,helicopter,40,helicopter,True
Log-Mel,632,2-37806-D-40.wav,2,40,helicopter,40,helicopter,True
Log-Mel,633,2-37870-A-2.wav,2,2,pig,41,chainsaw,False
Log-Mel,634,2-39441-A-19.wav,2,19,thunderstorm,19,thunderstorm,True
Log-Mel,635,2-39443-A-19.wav,2,19,thunderstorm,19,thunderstorm,True
Log-Mel,636,2-39443-B-19.wav,2,19,thunderstorm,3,cow,False
Log-Mel,637,2-39945-A-19.wav,2,19,thunderstorm,19,thunderstorm,True
Log-Mel,638,2-39945-B-19.wav,2,19,thunderstorm,19,thunderstorm,True
Log-Mel,639,2-39945-C-19.wav,2,19,thunderstorm,19,thunderstorm,True
Log-Mel,640,2-42101-A-43.wav,2,43,car_horn,45,train,False
Log-Mel,641,2-43802-A-42.wav,2,42,siren,41,chainsaw,False
Log-Mel,642,2-43806-A-42.wav,2,42,siren,2,pig,False
Log-Mel,643,2-50665-A-20.wav,2,20,crying_baby,38,clock_tick,False
Log-Mel,644,2-50666-A-20.wav,2,20,crying_baby,4,frog,False
Log-Mel,645,2-50667-A-41.wav,2,41,chainsaw,11,sea_waves,False
Log-Mel,646,2-50667-B-41.wav,2,41,chainsaw,49,hand_saw,False
Log-Mel,647,2-50668-A-41.wav,2,41,chainsaw,10,rain,False
Log-Mel,648,2-50668-B-41.wav,2,41,chainsaw,35,washing_machine,False
Log-Mel,649,2-50774-A-23.wav,2,23,breathing,30,door_wood_knock,False
Log-Mel,650,2-51173-A-35.wav,2,35,washing_machine,35,washing_machine,True
Log-Mel,651,2-51630-A-49.wav,2,49,hand_saw,18,toilet_flush,False
Log-Mel,652,2-51630-B-49.wav,2,49,hand_saw,7,insects,False
Log-Mel,653,2-52001-A-28.wav,2,28,snoring,28,snoring,True
Log-Mel,654,2-52001-B-28.wav,2,28,snoring,28,snoring,True
Log-Mel,655,2-52085-A-4.wav,2,4,frog,4,frog,True
Log-Mel,656,2-52085-B-4.wav,2,4,frog,4,frog,True
Log-Mel,657,2-52789-A-4.wav,2,4,frog,5,cat,False
Log-Mel,658,2-54086-A-43.wav,2,43,car_horn,34,can_opening,False
Log-Mel,659,2-54961-A-23.wav,2,23,breathing,0,dog,False
Log-Mel,660,2-54962-A-23.wav,2,23,breathing,26,laughing,False
Log-Mel,661,2-56926-A-46.wav,2,46,church_bells,46,church_bells,True
Log-Mel,662,2-57191-A-46.wav,2,46,church_bells,6,hen,False
Log-Mel,663,2-57733-A-22.wav,2,22,clapping,22,clapping,True
Log-Mel,664,2-59241-A-35.wav,2,35,washing_machine,10,rain,False
Log-Mel,665,2-59321-A-49.wav,2,49,hand_saw,49,hand_saw,True
Log-Mel,666,2-59565-A-46.wav,2,46,church_bells,32,keyboard_typing,False
Log-Mel,667,2-59566-A-46.wav,2,46,church_bells,32,keyboard_typing,False
Log-Mel,668,2-60180-A-49.wav,2,49,hand_saw,22,clapping,False
Log-Mel,669,2-60180-B-49.wav,2,49,hand_saw,23,breathing,False
Log-Mel,670,2-60791-A-26.wav,2,26,laughing,42,siren,False
Log-Mel,671,2-60794-A-26.wav,2,26,laughing,46,church_bells,False
Log-Mel,672,2-60795-A-26.wav,2,26,laughing,6,hen,False
Log-Mel,673,2-60900-A-22.wav,2,22,clapping,26,laughing,False
Log-Mel,674,2-61311-A-12.wav,2,12,crackling_fire,12,crackling_fire,True
Log-Mel,675,2-61618-A-46.wav,2,46,church_bells,46,church_bells,True
Log-Mel,676,2-62226-A-26.wav,2,26,laughing,0,dog,False
Log-Mel,677,2-64332-A-18.wav,2,18,toilet_flush,41,chainsaw,False
Log-Mel,678,2-64962-A-15.wav,2,15,water_drops,17,pouring_water,False
Log-Mel,679,2-64963-A-15.wav,2,15,water_drops,38,clock_tick,False
Log-Mel,680,2-65484-A-18.wav,2,18,toilet_flush,18,toilet_flush,True
Log-Mel,681,2-65747-A-12.wav,2,12,crackling_fire,12,crackling_fire,True
Log-Mel,682,2-65750-A-1.wav,2,1,rooster,29,drinking_sipping,False
Log-Mel,683,2-66205-A-23.wav,2,23,breathing,23,breathing,True
Log-Mel,684,2-66637-A-20.wav,2,20,crying_baby,17,pouring_water,False
Log-Mel,685,2-66637-B-20.wav,2,20,crying_baby,17,pouring_water,False
Log-Mel,686,2-67422-A-18.wav,2,18,toilet_flush,18,toilet_flush,True
Log-Mel,687,2-68391-A-41.wav,2,41,chainsaw,46,church_bells,False
Log-Mel,688,2-68391-B-41.wav,2,41,chainsaw,41,chainsaw,True
Log-Mel,689,2-68595-A-15.wav,2,15,water_drops,15,water_drops,True
Log-Mel,690,2-68595-B-15.wav,2,15,water_drops,29,drinking_sipping,False
Log-Mel,691,2-69131-A-5.wav,2,5,cat,0,dog,False
Log-Mel,692,2-69131-B-5.wav,2,5,cat,42,siren,False
Log-Mel,693,2-70052-A-42.wav,2,42,siren,42,siren,True
Log-Mel,694,2-70052-B-42.wav,2,42,siren,4,frog,False
Log-Mel,695,2-70280-A-18.wav,2,18,toilet_flush,2,pig,False
Log-Mel,696,2-70344-A-33.wav,2,33,door_wood_creaks,23,breathing,False
Log-Mel,697,2-70366-A-33.wav,2,33,door_wood_creaks,23,breathing,False
Log-Mel,698,2-70367-A-33.wav,2,33,door_wood_creaks,22,clapping,False
Log-Mel,699,2-70936-A-42.wav,2,42,siren,6,hen,False
Log-Mel,700,2-70938-A-42.wav,2,42,siren,26,laughing,False
Log-Mel,701,2-70939-A-42.wav,2,42,siren,42,siren,True
Log-Mel,702,2-71162-A-1.wav,2,1,rooster,1,rooster,True
Log-Mel,703,2-72268-A-6.wav,2,6,hen,42,siren,False
Log-Mel,704,2-72547-A-14.wav,2,14,chirping_birds,37,clock_alarm,False
Log-Mel,705,2-72547-B-14.wav,2,14,chirping_birds,14,chirping_birds,True
Log-Mel,706,2-72547-C-14.wav,2,14,chirping_birds,14,chirping_birds,True
Log-Mel,707,2-72547-D-14.wav,2,14,chirping_birds,14,chirping_birds,True
Log-Mel,708,2-72677-A-18.wav,2,18,toilet_flush,18,toilet_flush,True
Log-Mel,709,2-72688-A-42.wav,2,42,siren,42,siren,True
Log-Mel,710,2-72970-A-10.wav,2,10,rain,10,rain,True
Log-Mel,711,2-73027-A-10.wav,2,10,rain,10,rain,True
Log-Mel,712,2-7321-A-33.wav,2,33,door_wood_creaks,7,insects,False
Log-Mel,713,2-73260-A-10.wav,2,10,rain,12,crackling_fire,False
Log-Mel,714,2-73544-A-27.wav,2,27,brushing_teeth,27,brushing_teeth,True
Log-Mel,715,2-74361-A-47.wav,2,47,airplane,47,airplane,True
Log-Mel,716,2-74977-A-18.wav,2,18,toilet_flush,49,hand_saw,False
Log-Mel,717,2-75726-A-6.wav,2,6,hen,38,clock_tick,False
Log-Mel,718,2-76408-A-22.wav,2,22,clapping,2,pig,False
Log-Mel,719,2-76408-B-22.wav,2,22,clapping,22,clapping,True
Log-Mel,720,2-76408-C-22.wav,2,22,clapping,2,pig,False
Log-Mel,721,2-76408-D-22.wav,2,22,clapping,2,pig,False
Log-Mel,722,2-76868-A-6.wav,2,6,hen,6,hen,True
Log-Mel,723,2-77346-A-46.wav,2,46,church_bells,11,sea_waves,False
Log-Mel,724,2-77347-A-46.wav,2,46,church_bells,46,church_bells,True
Log-Mel,725,2-77945-A-41.wav,2,41,chainsaw,41,chainsaw,True
Log-Mel,726,2-77945-B-41.wav,2,41,chainsaw,36,vacuum_cleaner,False
Log-Mel,727,2-78381-A-46.wav,2,46,church_bells,9,crow,False
Log-Mel,728,2-78562-A-37.wav,2,37,clock_alarm,13,crickets,False
Log-Mel,729,2-78562-B-37.wav,2,37,clock_alarm,12,crackling_fire,False
Log-Mel,730,2-78651-A-44.wav,2,44,engine,2,pig,False
Log-Mel,731,2-78781-A-47.wav,2,47,airplane,46,church_bells,False
Log-Mel,732,2-78799-A-47.wav,2,47,airplane,11,sea_waves,False
Log-Mel,733,2-79769-A-26.wav,2,26,laughing,26,laughing,True
Log-Mel,734,2-79775-A-26.wav,2,26,laughing,0,dog,False
Log-Mel,735,2-80313-A-28.wav,2,28,snoring,28,snoring,True
Log-Mel,736,2-80482-A-20.wav,2,20,crying_baby,20,crying_baby,True
Log-Mel,737,2-80844-A-13.wav,2,13,crickets,13,crickets,True
Log-Mel,738,2-81112-A-34.wav,2,34,can_opening,34,can_opening,True
Log-Mel,739,2-81190-A-34.wav,2,34,can_opening,39,glass_breaking,False
Log-Mel,740,2-81270-A-1.wav,2,1,rooster,5,cat,False
Log-Mel,741,2-81731-A-10.wav,2,10,rain,12,crackling_fire,False
Log-Mel,742,2-81970-A-7.wav,2,7,insects,7,insects,True
Log-Mel,743,2-81970-B-7.wav,2,7,insects,7,insects,True
Log-Mel,744,2-81970-C-7.wav,2,7,insects,18,toilet_flush,False
Log-Mel,745,2-82071-A-27.wav,2,27,brushing_teeth,16,wind,False
Log-Mel,746,2-82077-A-7.wav,2,7,insects,3,cow,False
Log-Mel,747,2-82274-A-5.wav,2,5,cat,38,clock_tick,False
Log-Mel,748,2-82274-B-5.wav,2,5,cat,5,cat,True
Log-Mel,749,2-82367-A-10.wav,2,10,rain,10,rain,True
Log-Mel,750,2-82455-A-23.wav,2,23,breathing,23,breathing,True
Log-Mel,751,2-82538-A-21.wav,2,21,sneezing,21,sneezing,True
Log-Mel,752,2-83270-A-13.wav,2,13,crickets,13,crickets,True
Log-Mel,753,2-83536-A-27.wav,2,27,brushing_teeth,27,brushing_teeth,True
Log-Mel,754,2-83667-A-34.wav,2,34,can_opening,38,clock_tick,False
Log-Mel,755,2-83688-A-34.wav,2,34,can_opening,34,can_opening,True
Log-Mel,756,2-83934-A-5.wav,2,5,cat,38,clock_tick,False
Log-Mel,757,2-83934-B-5.wav,2,5,cat,38,clock_tick,False
Log-Mel,758,2-84693-A-49.wav,2,49,hand_saw,18,toilet_flush,False
Log-Mel,759,2-84943-A-18.wav,2,18,toilet_flush,29,drinking_sipping,False
Log-Mel,760,2-84965-A-23.wav,2,23,breathing,2,pig,False
Log-Mel,761,2-85139-A-13.wav,2,13,crickets,13,crickets,True
Log-Mel,762,2-85292-A-24.wav,2,24,coughing,38,clock_tick,False
Log-Mel,763,2-85434-A-27.wav,2,27,brushing_teeth,25,footsteps,False
Log-Mel,764,2-85471-A-34.wav,2,34,can_opening,34,can_opening,True
Log-Mel,765,2-85945-A-18.wav,2,18,toilet_flush,18,toilet_flush,True
Log-Mel,766,2-86160-A-27.wav,2,27,brushing_teeth,25,footsteps,False
Log-Mel,767,2-87282-A-34.wav,2,34,can_opening,34,can_opening,True
Log-Mel,768,2-87412-A-24.wav,2,24,coughing,24,coughing,True
Log-Mel,769,2-87780-A-33.wav,2,33,door_wood_creaks,30,door_wood_knock,False
Log-Mel,770,2-87781-A-10.wav,2,10,rain,10,rain,True
Log-Mel,771,2-87794-A-24.wav,2,24,coughing,26,laughing,False
Log-Mel,772,2-87795-A-24.wav,2,24,coughing,26,laughing,False
Log-Mel,773,2-87799-A-24.wav,2,24,coughing,26,laughing,False
Log-Mel,774,2-88724-A-38.wav,2,38,clock_tick,25,footsteps,False
Log-Mel,775,2-89516-A-37.wav,2,37,clock_alarm,18,toilet_flush,False
Log-Mel,776,2-91912-A-33.wav,2,33,door_wood_creaks,23,breathing,False
Log-Mel,777,2-91912-B-33.wav,2,33,door_wood_creaks,49,hand_saw,False
Log-Mel,778,2-92627-A-27.wav,2,27,brushing_teeth,23,breathing,False
Log-Mel,779,2-92978-A-29.wav,2,29,drinking_sipping,29,drinking_sipping,True
Log-Mel,780,2-93030-A-21.wav,2,21,sneezing,24,coughing,False
Log-Mel,781,2-94230-A-27.wav,2,27,brushing_teeth,13,crickets,False
Log-Mel,782,2-94807-A-29.wav,2,29,drinking_sipping,48,fireworks,False
Log-Mel,783,2-95035-A-1.wav,2,1,rooster,1,rooster,True
Log-Mel,784,2-95258-A-1.wav,2,1,rooster,5,cat,False
Log-Mel,785,2-95258-B-1.wav,2,1,rooster,5,cat,False
Log-Mel,786,2-95567-A-23.wav,2,23,breathing,32,keyboard_typing,False
Log-Mel,787,2-96033-A-13.wav,2,13,crickets,40,helicopter,False
Log-Mel,788,2-96063-A-37.wav,2,37,clock_alarm,37,clock_alarm,True
Log-Mel,789,2-96460-A-1.wav,2,1,rooster,43,car_horn,False
Log-Mel,790,2-96654-A-47.wav,2,47,airplane,47,airplane,True
Log-Mel,791,2-96904-A-27.wav,2,27,brushing_teeth,27,brushing_teeth,True
Log-Mel,792,2-98392-A-23.wav,2,23,breathing,1,rooster,False
Log-Mel,793,2-98676-A-24.wav,2,24,coughing,24,coughing,True
Log-Mel,794,2-98866-A-47.wav,2,47,airplane,41,chainsaw,False
Log-Mel,795,2-99795-A-32.wav,2,32,keyboard_typing,49,hand_saw,False
Log-Mel,796,2-99796-A-32.wav,2,32,keyboard_typing,32,keyboard_typing,True
Log-Mel,797,2-99955-A-7.wav,2,7,insects,28,snoring,False
Log-Mel,798,2-99955-B-7.wav,2,7,insects,26,laughing,False
Log-Mel,799,2-99955-C-7.wav,2,7,insects,29,drinking_sipping,False
Log-Mel,800,3-100018-A-18.wav,3,18,toilet_flush,18,toilet_flush,True
Log-Mel,801,3-100024-A-27.wav,3,27,brushing_teeth,18,toilet_flush,False
Log-Mel,802,3-100024-B-27.wav,3,27,brushing_teeth,27,brushing_teeth,True
Log-Mel,803,3-101381-A-33.wav,3,33,door_wood_creaks,3,cow,False
Log-Mel,804,3-101381-B-33.wav,3,33,door_wood_creaks,3,cow,False
Log-Mel,805,3-102583-A-49.wav,3,49,hand_saw,25,footsteps,False
Log-Mel,806,3-102583-B-49.wav,3,49,hand_saw,29,drinking_sipping,False
Log-Mel,807,3-102583-C-49.wav,3,49,hand_saw,25,footsteps,False
Log-Mel,808,3-102908-A-4.wav,3,4,frog,14,chirping_birds,False
Log-Mel,809,3-103050-A-19.wav,3,19,thunderstorm,19,thunderstorm,True
Log-Mel,810,3-103051-A-19.wav,3,19,thunderstorm,19,thunderstorm,True
Log-Mel,811,3-103051-B-19.wav,3,19,thunderstorm,19,thunderstorm,True
Log-Mel,812,3-103051-C-19.wav,3,19,thunderstorm,19,thunderstorm,True
Log-Mel,813,3-103401-A-33.wav,3,33,door_wood_creaks,23,breathing,False
Log-Mel,814,3-103401-B-33.wav,3,33,door_wood_creaks,22,clapping,False
Log-Mel,815,3-103401-C-33.wav,3,33,door_wood_creaks,22,clapping,False
Log-Mel,816,3-103401-D-33.wav,3,33,door_wood_creaks,22,clapping,False
Log-Mel,817,3-103597-A-25.wav,3,25,footsteps,32,keyboard_typing,False
Log-Mel,818,3-103598-A-25.wav,3,25,footsteps,32,keyboard_typing,False
Log-Mel,819,3-103599-A-25.wav,3,25,footsteps,25,footsteps,True
Log-Mel,820,3-103599-B-25.wav,3,25,footsteps,32,keyboard_typing,False
Log-Mel,821,3-104632-A-12.wav,3,12,crackling_fire,49,hand_saw,False
Log-Mel,822,3-104761-A-7.wav,3,7,insects,15,water_drops,False
Log-Mel,823,3-104761-B-7.wav,3,7,insects,7,insects,True
Log-Mel,824,3-104958-A-12.wav,3,12,crackling_fire,12,crackling_fire,True
Log-Mel,825,3-105235-A-7.wav,3,7,insects,2,pig,False
Log-Mel,826,3-105236-A-7.wav,3,7,insects,2,pig,False
Log-Mel,827,3-107123-A-26.wav,3,26,laughing,0,dog,False
Log-Mel,828,3-107219-A-1.wav,3,1,rooster,1,rooster,True
Log-Mel,829,3-108160-A-23.wav,3,23,breathing,23,breathing,True
Log-Mel,830,3-108451-A-17.wav,3,17,pouring_water,32,keyboard_typing,False
Log-Mel,831,3-108451-B-17.wav,3,17,pouring_water,17,pouring_water,True
Log-Mel,832,3-108677-A-18.wav,3,18,toilet_flush,18,toilet_flush,True
Log-Mel,833,3-108791-A-18.wav,3,18,toilet_flush,18,toilet_flush,True
Log-Mel,834,3-110536-A-26.wav,3,26,laughing,0,dog,False
Log-Mel,835,3-110913-A-7.wav,3,7,insects,6,hen,False
Log-Mel,836,3-110913-B-7.wav,3,7,insects,6,hen,False
Log-Mel,837,3-110913-C-7.wav,3,7,insects,7,insects,True
Log-Mel,838,3-110913-D-7.wav,3,7,insects,6,hen,False
Log-Mel,839,3-111102-A-46.wav,3,46,church_bells,47,airplane,False
Log-Mel,840,3-111102-B-46.wav,3,46,church_bells,47,airplane,False
Log-Mel,841,3-112356-A-18.wav,3,18,toilet_flush,18,toilet_flush,True
Log-Mel,842,3-112397-A-9.wav,3,9,crow,9,crow,True
Log-Mel,843,3-112522-A-27.wav,3,27,brushing_teeth,27,brushing_teeth,True
Log-Mel,844,3-112557-A-23.wav,3,23,breathing,32,keyboard_typing,False
Log-Mel,845,3-112557-B-23.wav,3,23,breathing,23,breathing,True
Log-Mel,846,3-115382-A-44.wav,3,44,engine,2,pig,False
Log-Mel,847,3-115387-A-47.wav,3,47,airplane,47,airplane,True
Log-Mel,848,3-115387-B-47.wav,3,47,airplane,47,airplane,True
Log-Mel,849,3-115387-C-47.wav,3,47,airplane,47,airplane,True
Log-Mel,850,3-116135-A-1.wav,3,1,rooster,0,dog,False
Log-Mel,851,3-117293-A-9.wav,3,9,crow,9,crow,True
Log-Mel,852,3-117504-A-16.wav,3,16,wind,35,washing_machine,False
Log-Mel,853,3-117504-B-16.wav,3,16,wind,35,washing_machine,False
Log-Mel,854,3-117793-A-37.wav,3,37,clock_alarm,17,pouring_water,False
Log-Mel,855,3-117883-A-37.wav,3,37,clock_alarm,32,keyboard_typing,False
Log-Mel,856,3-118059-A-18.wav,3,18,toilet_flush,18,toilet_flush,True
Log-Mel,857,3-118069-A-27.wav,3,27,brushing_teeth,27,brushing_teeth,True
Log-Mel,858,3-118069-B-27.wav,3,27,brushing_teeth,32,keyboard_typing,False
Log-Mel,859,3-118194-A-33.wav,3,33,door_wood_creaks,23,breathing,False
Log-Mel,860,3-118487-A-26.wav,3,26,laughing,26,laughing,True
Log-Mel,861,3-118656-A-41.wav,3,41,chainsaw,41,chainsaw,True
Log-Mel,862,3-118657-A-41.wav,3,41,chainsaw,2,pig,False
Log-Mel,863,3-118657-B-41.wav,3,41,chainsaw,32,keyboard_typing,False
Log-Mel,864,3-118658-A-41.wav,3,41,chainsaw,41,chainsaw,True
Log-Mel,865,3-118658-B-41.wav,3,41,chainsaw,41,chainsaw,True
Log-Mel,866,3-118972-A-41.wav,3,41,chainsaw,41,chainsaw,True
Log-Mel,867,3-118972-B-41.wav,3,41,chainsaw,41,chainsaw,True
Log-Mel,868,3-119120-A-48.wav,3,48,fireworks,48,fireworks,True
Log-Mel,869,3-119120-B-48.wav,3,48,fireworks,48,fireworks,True
Log-Mel,870,3-119120-C-48.wav,3,48,fireworks,48,fireworks,True
Log-Mel,871,3-119120-D-48.wav,3,48,fireworks,48,fireworks,True
Log-Mel,872,3-119120-E-48.wav,3,48,fireworks,19,thunderstorm,False
Log-Mel,873,3-119455-A-44.wav,3,44,engine,10,rain,False
Log-Mel,874,3-119459-A-26.wav,3,26,laughing,26,laughing,True
Log-Mel,875,3-120526-A-37.wav,3,37,clock_alarm,37,clock_alarm,True
Log-Mel,876,3-120526-B-37.wav,3,37,clock_alarm,37,clock_alarm,True
Log-Mel,877,3-120644-A-12.wav,3,12,crackling_fire,12,crackling_fire,True
Log-Mel,878,3-121348-A-9.wav,3,9,crow,9,crow,True
Log-Mel,879,3-122110-A-46.wav,3,46,church_bells,47,airplane,False
Log-Mel,880,3-123086-A-28.wav,3,28,snoring,32,keyboard_typing,False
Log-Mel,881,3-123224-A-19.wav,3,19,thunderstorm,19,thunderstorm,True
Log-Mel,882,3-124376-A-3.wav,3,3,cow,2,pig,False
Log-Mel,883,3-124376-B-3.wav,3,3,cow,2,pig,False
Log-Mel,884,3-124600-A-19.wav,3,19,thunderstorm,16,wind,False
Log-Mel,885,3-124795-A-28.wav,3,28,snoring,44,engine,False
Log-Mel,886,3-124925-A-9.wav,3,9,crow,5,cat,False
Log-Mel,887,3-124958-A-28.wav,3,28,snoring,31,mouse_click,False
Log-Mel,888,3-125418-A-24.wav,3,24,coughing,30,door_wood_knock,False
Log-Mel,889,3-125548-A-32.wav,3,32,keyboard_typing,23,breathing,False
Log-Mel,890,3-126113-A-26.wav,3,26,laughing,42,siren,False
Log-Mel,891,3-126358-A-3.wav,3,3,cow,47,airplane,False
Log-Mel,892,3-126358-B-3.wav,3,3,cow,19,thunderstorm,False
Log-Mel,893,3-126391-A-27.wav,3,27,brushing_teeth,27,brushing_teeth,True
Log-Mel,894,3-126391-B-27.wav,3,27,brushing_teeth,6,hen,False
Log-Mel,895,3-127874-A-17.wav,3,17,pouring_water,17,pouring_water,True
Log-Mel,896,3-127890-A-9.wav,3,9,crow,9,crow,True
Log-Mel,897,3-127890-B-9.wav,3,9,crow,9,crow,True
Log-Mel,898,3-127890-C-9.wav,3,9,crow,9,crow,True
Log-Mel,899,3-128160-A-44.wav,3,44,engine,10,rain,False
Log-Mel,900,3-128512-A-47.wav,3,47,airplane,35,washing_machine,False
Log-Mel,901,3-128512-B-47.wav,3,47,airplane,16,wind,False
Log-Mel,902,3-129264-A-9.wav,3,9,crow,35,washing_machine,False
Log-Mel,903,3-129338-A-13.wav,3,13,crickets,36,vacuum_cleaner,False
Log-Mel,904,3-129678-A-13.wav,3,13,crickets,10,rain,False
Log-Mel,905,3-130330-A-22.wav,3,22,clapping,39,glass_breaking,False
Log-Mel,906,3-130998-A-28.wav,3,28,snoring,7,insects,False
Log-Mel,907,3-130998-B-28.wav,3,28,snoring,25,footsteps,False
Log-Mel,908,3-131943-A-37.wav,3,37,clock_alarm,10,rain,False
Log-Mel,909,3-132340-A-37.wav,3,37,clock_alarm,13,crickets,False
Log-Mel,910,3-132601-A-24.wav,3,24,coughing,24,coughing,True
Log-Mel,911,3-132747-A-26.wav,3,26,laughing,26,laughing,True
Log-Mel,912,3-132830-A-32.wav,3,32,keyboard_typing,32,keyboard_typing,True
Log-Mel,913,3-132852-A-10.wav,3,10,rain,44,engine,False
Log-Mel,914,3-133977-A-29.wav,3,29,drinking_sipping,24,coughing,False
Log-Mel,915,3-134049-A-1.wav,3,1,rooster,1,rooster,True
Log-Mel,916,3-134699-A-16.wav,3,16,wind,15,water_drops,False
Log-Mel,917,3-134699-B-16.wav,3,16,wind,16,wind,True
Log-Mel,918,3-134699-C-16.wav,3,16,wind,16,wind,True
Log-Mel,919,3-134802-A-13.wav,3,13,crickets,31,mouse_click,False
Log-Mel,920,3-135469-A-35.wav,3,35,washing_machine,40,helicopter,False
Log-Mel,921,3-135650-A-45.wav,3,45,train,7,insects,False
Log-Mel,922,3-135650-B-45.wav,3,45,train,7,insects,False
Log-Mel,923,3-136288-A-0.wav,3,0,dog,23,breathing,False
Log-Mel,924,3-136451-A-45.wav,3,45,train,45,train,True
Log-Mel,925,3-136608-A-16.wav,3,16,wind,16,wind,True
Log-Mel,926,3-137152-A-1.wav,3,1,rooster,1,rooster,True
Log-Mel,927,3-138114-A-22.wav,3,22,clapping,22,clapping,True
Log-Mel,928,3-138212-A-45.wav,3,45,train,45,train,True
Log-Mel,929,3-139109-A-46.wav,3,46,church_bells,47,airplane,False
Log-Mel,930,3-139331-A-27.wav,3,27,brushing_teeth,42,siren,False
Log-Mel,931,3-139958-A-37.wav,3,37,clock_alarm,27,brushing_teeth,False
Log-Mel,932,3-140199-A-8.wav,3,8,sheep,11,sea_waves,False
Log-Mel,933,3-140199-B-8.wav,3,8,sheep,46,church_bells,False
Log-Mel,934,3-140199-C-8.wav,3,8,sheep,8,sheep,True
Log-Mel,935,3-140199-D-8.wav,3,8,sheep,46,church_bells,False
Log-Mel,936,3-140323-A-29.wav,3,29,drinking_sipping,29,drinking_sipping,True
Log-Mel,937,3-140774-A-10.wav,3,10,rain,40,helicopter,False
Log-Mel,938,3-141240-A-44.wav,3,44,engine,25,footsteps,False
Log-Mel,939,3-141240-B-44.wav,3,44,engine,44,engine,True
Log-Mel,940,3-141559-A-45.wav,3,45,train,45,train,True
Log-Mel,941,3-141684-A-21.wav,3,21,sneezing,21,sneezing,True
Log-Mel,942,3-142005-A-10.wav,3,10,rain,11,sea_waves,False
Log-Mel,943,3-142006-A-10.wav,3,10,rain,10,rain,True
Log-Mel,944,3-142349-A-17.wav,3,17,pouring_water,27,brushing_teeth,False
Log-Mel,945,3-142593-A-38.wav,3,38,clock_tick,38,clock_tick,True
Log-Mel,946,3-142601-A-21.wav,3,21,sneezing,15,water_drops,False
Log-Mel,947,3-142604-A-24.wav,3,24,coughing,21,sneezing,False
Log-Mel,948,3-142605-A-21.wav,3,21,sneezing,15,water_drops,False
Log-Mel,949,3-143119-A-21.wav,3,21,sneezing,21,sneezing,True
Log-Mel,950,3-143560-A-47.wav,3,47,airplane,3,cow,False
Log-Mel,951,3-143562-A-47.wav,3,47,airplane,47,airplane,True
Log-Mel,952,3-143929-A-10.wav,3,10,rain,44,engine,False
Log-Mel,953,3-143933-A-38.wav,3,38,clock_tick,38,clock_tick,True
Log-Mel,954,3-144028-A-0.wav,3,0,dog,22,clapping,False
Log-Mel,955,3-144106-A-32.wav,3,32,keyboard_typing,49,hand_saw,False
Log-Mel,956,3-144120-A-32.wav,3,32,keyboard_typing,29,drinking_sipping,False
Log-Mel,957,3-144128-A-23.wav,3,23,breathing,20,crying_baby,False
Log-Mel,958,3-144128-B-23.wav,3,23,breathing,20,crying_baby,False
Log-Mel,959,3-144253-A-29.wav,3,29,drinking_sipping,29,drinking_sipping,True
Log-Mel,960,3-144259-A-29.wav,3,29,drinking_sipping,29,drinking_sipping,True
Log-Mel,961,3-144510-A-30.wav,3,30,door_wood_knock,30,door_wood_knock,True
Log-Mel,962,3-144692-A-21.wav,3,21,sneezing,21,sneezing,True
Log-Mel,963,3-144827-A-11.wav,3,11,sea_waves,11,sea_waves,True
Log-Mel,964,3-144827-B-11.wav,3,11,sea_waves,11,sea_waves,True
Log-Mel,965,3-144891-A-19.wav,3,19,thunderstorm,19,thunderstorm,True
Log-Mel,966,3-144891-B-19.wav,3,19,thunderstorm,19,thunderstorm,True
Log-Mel,967,3-145382-A-1.wav,3,1,rooster,0,dog,False
Log-Mel,968,3-145387-A-29.wav,3,29,drinking_sipping,29,drinking_sipping,True
Log-Mel,969,3-145487-A-24.wav,3,24,coughing,7,insects,False
Log-Mel,970,3-145577-A-43.wav,3,43,car_horn,39,glass_breaking,False
Log-Mel,971,3-145719-A-17.wav,3,17,pouring_water,17,pouring_water,True
Log-Mel,972,3-145774-A-12.wav,3,12,crackling_fire,12,crackling_fire,True
Log-Mel,973,3-146033-A-13.wav,3,13,crickets,16,wind,False
Log-Mel,974,3-146186-A-44.wav,3,44,engine,44,engine,True
Log-Mel,975,3-146697-A-43.wav,3,43,car_horn,31,mouse_click,False
Log-Mel,976,3-146873-A-24.wav,3,24,coughing,24,coughing,True
Log-Mel,977,3-146964-A-5.wav,3,5,cat,19,thunderstorm,False
Log-Mel,978,3-146965-A-5.wav,3,5,cat,30,door_wood_knock,False
Log-Mel,979,3-146972-A-5.wav,3,5,cat,26,laughing,False
Log-Mel,980,3-147342-A-34.wav,3,34,can_opening,39,glass_breaking,False
Log-Mel,981,3-147343-A-34.wav,3,34,can_opening,39,glass_breaking,False
Log-Mel,982,3-147965-A-12.wav,3,12,crackling_fire,12,crackling_fire,True
Log-Mel,983,3-148297-A-37.wav,3,37,clock_alarm,34,can_opening,False
Log-Mel,984,3-148330-A-21.wav,3,21,sneezing,21,sneezing,True
Log-Mel,985,3-148932-A-34.wav,3,34,can_opening,34,can_opening,True
Log-Mel,986,3-149042-A-24.wav,3,24,coughing,24,coughing,True
Log-Mel,987,3-149189-A-1.wav,3,1,rooster,0,dog,False
Log-Mel,988,3-149448-A-17.wav,3,17,pouring_water,18,toilet_flush,False
Log-Mel,989,3-149465-A-22.wav,3,22,clapping,22,clapping,True
Log-Mel,990,3-150231-A-21.wav,3,21,sneezing,21,sneezing,True
Log-Mel,991,3-150363-A-38.wav,3,38,clock_tick,31,mouse_click,False
Log-Mel,992,3-150979-A-40.wav,3,40,helicopter,40,helicopter,True
Log-Mel,993,3-150979-B-40.wav,3,40,helicopter,16,wind,False
Log-Mel,994,3-150979-C-40.wav,3,40,helicopter,40,helicopter,True
Log-Mel,995,3-151080-A-20.wav,3,20,crying_baby,20,crying_baby,True
Log-Mel,996,3-151081-A-20.wav,3,20,crying_baby,17,pouring_water,False
Log-Mel,997,3-151081-B-20.wav,3,20,crying_baby,6,hen,False
Log-Mel,998,3-151089-A-30.wav,3,30,door_wood_knock,30,door_wood_knock,True
Log-Mel,999,3-151206-A-23.wav,3,23,breathing,23,breathing,True
Log-Mel,1000,3-151212-A-24.wav,3,24,coughing,24,coughing,True
Log-Mel,1001,3-151213-A-24.wav,3,24,coughing,21,sneezing,False
Log-Mel,1002,3-151255-A-28.wav,3,28,snoring,32,keyboard_typing,False
Log-Mel,1003,3-151269-A-35.wav,3,35,washing_machine,35,washing_machine,True
Log-Mel,1004,3-151273-A-35.wav,3,35,washing_machine,35,washing_machine,True
Log-Mel,1005,3-151557-A-28.wav,3,28,snoring,28,snoring,True
Log-Mel,1006,3-151557-B-28.wav,3,28,snoring,28,snoring,True
Log-Mel,1007,3-152007-A-20.wav,3,20,crying_baby,20,crying_baby,True
Log-Mel,1008,3-152007-B-20.wav,3,20,crying_baby,20,crying_baby,True
Log-Mel,1009,3-152007-C-20.wav,3,20,crying_baby,20,crying_baby,True
Log-Mel,1010,3-152007-D-20.wav,3,20,crying_baby,20,crying_baby,True
Log-Mel,1011,3-152007-E-20.wav,3,20,crying_baby,20,crying_baby,True
Log-Mel,1012,3-152020-A-36.wav,3,36,vacuum_cleaner,41,chainsaw,False
Log-Mel,1013,3-152020-B-36.wav,3,36,vacuum_cleaner,36,vacuum_cleaner,True
Log-Mel,1014,3-152020-C-36.wav,3,36,vacuum_cleaner,33,door_wood_creaks,False
Log-Mel,1015,3-152039-A-3.wav,3,3,cow,3,cow,True
Log-Mel,1016,3-152039-B-3.wav,3,3,cow,2,pig,False
Log-Mel,1017,3-152594-A-30.wav,3,30,door_wood_knock,30,door_wood_knock,True
Log-Mel,1018,3-152912-A-26.wav,3,26,laughing,30,door_wood_knock,False
Log-Mel,1019,3-152997-A-26.wav,3,26,laughing,26,laughing,True
Log-Mel,1020,3-153057-A-43.wav,3,43,car_horn,23,breathing,False
Log-Mel,1021,3-153444-A-32.wav,3,32,keyboard_typing,32,keyboard_typing,True
Log-Mel,1022,3-154378-A-30.wav,3,30,door_wood_knock,30,door_wood_knock,True
Log-Mel,1023,3-154439-A-17.wav,3,17,pouring_water,17,pouring_water,True
Log-Mel,1024,3-154758-A-44.wav,3,44,engine,36,vacuum_cleaner,False
Log-Mel,1025,3-154781-A-32.wav,3,32,keyboard_typing,32,keyboard_typing,True
Log-Mel,1026,3-154926-A-40.wav,3,40,helicopter,40,helicopter,True
Log-Mel,1027,3-154926-B-40.wav,3,40,helicopter,47,airplane,False
Log-Mel,1028,3-154957-A-1.wav,3,1,rooster,5,cat,False
Log-Mel,1029,3-155130-A-43.wav,3,43,car_horn,31,mouse_click,False
Log-Mel,1030,3-155234-A-43.wav,3,43,car_horn,40,helicopter,False
Log-Mel,1031,3-155312-A-0.wav,3,0,dog,1,rooster,False
Log-Mel,1032,3-155556-A-31.wav,3,31,mouse_click,15,water_drops,False
Log-Mel,1033,3-155568-A-32.wav,3,32,keyboard_typing,44,engine,False
Log-Mel,1034,3-155570-A-32.wav,3,32,keyboard_typing,32,keyboard_typing,True
Log-Mel,1035,3-155577-A-14.wav,3,14,chirping_birds,14,chirping_birds,True
Log-Mel,1036,3-155578-A-14.wav,3,14,chirping_birds,14,chirping_birds,True
Log-Mel,1037,3-155579-A-14.wav,3,14,chirping_birds,14,chirping_birds,True
Log-Mel,1038,3-155583-A-14.wav,3,14,chirping_birds,45,train,False
Log-Mel,1039,3-155584-A-14.wav,3,14,chirping_birds,16,wind,False
Log-Mel,1040,3-155642-A-11.wav,3,11,sea_waves,11,sea_waves,True
Log-Mel,1041,3-155642-B-11.wav,3,11,sea_waves,11,sea_waves,True
Log-Mel,1042,3-155659-A-34.wav,3,34,can_opening,34,can_opening,True
Log-Mel,1043,3-155766-A-13.wav,3,13,crickets,4,frog,False
Log-Mel,1044,3-156391-A-35.wav,3,35,washing_machine,35,washing_machine,True
Log-Mel,1045,3-156393-A-35.wav,3,35,washing_machine,35,washing_machine,True
Log-Mel,1046,3-156558-A-21.wav,3,21,sneezing,24,coughing,False
Log-Mel,1047,3-156581-A-14.wav,3,14,chirping_birds,14,chirping_birds,True
Log-Mel,1048,3-156581-B-14.wav,3,14,chirping_birds,14,chirping_birds,True
Log-Mel,1049,3-156907-A-15.wav,3,15,water_drops,15,water_drops,True
Log-Mel,1050,3-157149-A-10.wav,3,10,rain,10,rain,True
Log-Mel,1051,3-157187-A-12.wav,3,12,crackling_fire,31,mouse_click,False
Log-Mel,1052,3-157487-A-10.wav,3,10,rain,10,rain,True
Log-Mel,1053,3-157492-A-45.wav,3,45,train,16,wind,False
Log-Mel,1054,3-157615-A-10.wav,3,10,rain,10,rain,True
Log-Mel,1055,3-157695-A-0.wav,3,0,dog,0,dog,True
Log-Mel,1056,3-158056-A-31.wav,3,31,mouse_click,34,can_opening,False
Log-Mel,1057,3-158056-B-31.wav,3,31,mouse_click,17,pouring_water,False
Log-Mel,1058,3-158476-A-12.wav,3,12,crackling_fire,12,crackling_fire,True
Log-Mel,1059,3-159346-A-36.wav,3,36,vacuum_cleaner,44,engine,False
Log-Mel,1060,3-159346-B-36.wav,3,36,vacuum_cleaner,36,vacuum_cleaner,True
Log-Mel,1061,3-159347-A-36.wav,3,36,vacuum_cleaner,36,vacuum_cleaner,True
Log-Mel,1062,3-159347-B-36.wav,3,36,vacuum_cleaner,22,clapping,False
Log-Mel,1063,3-159348-A-36.wav,3,36,vacuum_cleaner,23,breathing,False
Log-Mel,1064,3-159445-A-45.wav,3,45,train,45,train,True
Log-Mel,1065,3-159445-B-45.wav,3,45,train,19,thunderstorm,False
Log-Mel,1066,3-160119-A-15.wav,3,15,water_drops,15,water_drops,True
Log-Mel,1067,3-160993-A-3.wav,3,3,cow,3,cow,True
Log-Mel,1068,3-161010-A-43.wav,3,43,car_horn,35,washing_machine,False
Log-Mel,1069,3-161500-A-17.wav,3,17,pouring_water,25,footsteps,False
Log-Mel,1070,3-162786-A-13.wav,3,13,crickets,14,chirping_birds,False
Log-Mel,1071,3-163288-A-1.wav,3,1,rooster,1,rooster,True
Log-Mel,1072,3-163459-A-0.wav,3,0,dog,0,dog,True
Log-Mel,1073,3-163607-A-13.wav,3,13,crickets,16,wind,False
Log-Mel,1074,3-163607-B-13.wav,3,13,crickets,35,washing_machine,False
Log-Mel,1075,3-163727-A-3.wav,3,3,cow,3,cow,True
Log-Mel,1076,3-164120-A-11.wav,3,11,sea_waves,41,chainsaw,False
Log-Mel,1077,3-164216-A-6.wav,3,6,hen,6,hen,True
Log-Mel,1078,3-164216-B-6.wav,3,6,hen,6,hen,True
Log-Mel,1079,3-164216-C-6.wav,3,6,hen,6,hen,True
Log-Mel,1080,3-164592-A-15.wav,3,15,water_drops,15,water_drops,True
Log-Mel,1081,3-164593-A-15.wav,3,15,water_drops,15,water_drops,True
Log-Mel,1082,3-164594-A-15.wav,3,15,water_drops,34,can_opening,False
Log-Mel,1083,3-164595-A-15.wav,3,15,water_drops,24,coughing,False
Log-Mel,1084,3-164630-A-11.wav,3,11,sea_waves,36,vacuum_cleaner,False
Log-Mel,1085,3-164688-A-38.wav,3,38,clock_tick,21,sneezing,False
Log-Mel,1086,3-165856-A-41.wav,3,41,chainsaw,41,chainsaw,True
Log-Mel,1087,3-166125-A-23.wav,3,23,breathing,25,footsteps,False
Log-Mel,1088,3-166125-B-23.wav,3,23,breathing,25,footsteps,False
Log-Mel,1089,3-166324-A-15.wav,3,15,water_drops,24,coughing,False
Log-Mel,1090,3-166326-A-15.wav,3,15,water_drops,0,dog,False
Log-Mel,1091,3-166422-A-11.wav,3,11,sea_waves,41,chainsaw,False
Log-Mel,1092,3-166546-A-34.wav,3,34,can_opening,34,can_opening,True
Log-Mel,1093,3-166546-B-34.wav,3,34,can_opening,34,can_opening,True
Log-Mel,1094,3-167096-A-31.wav,3,31,mouse_click,31,mouse_click,True
Log-Mel,1095,3-169907-A-29.wav,3,29,drinking_sipping,25,footsteps,False
Log-Mel,1096,3-170002-A-34.wav,3,34,can_opening,34,can_opening,True
Log-Mel,1097,3-170015-A-0.wav,3,0,dog,0,dog,True
Log-Mel,1098,3-170312-A-31.wav,3,31,mouse_click,39,glass_breaking,False
Log-Mel,1099,3-170377-A-38.wav,3,38,clock_tick,5,cat,False
Log-Mel,1100,3-170383-A-38.wav,3,38,clock_tick,15,water_drops,False
Log-Mel,1101,3-170574-A-30.wav,3,30,door_wood_knock,29,drinking_sipping,False
Log-Mel,1102,3-170851-A-31.wav,3,31,mouse_click,32,keyboard_typing,False
Log-Mel,1103,3-171012-A-38.wav,3,38,clock_tick,2,pig,False
Log-Mel,1104,3-171041-A-38.wav,3,38,clock_tick,12,crackling_fire,False
Log-Mel,1105,3-171281-A-6.wav,3,6,hen,6,hen,True
Log-Mel,1106,3-171937-A-34.wav,3,34,can_opening,34,can_opening,True
Log-Mel,1107,3-172179-A-31.wav,3,31,mouse_click,31,mouse_click,True
Log-Mel,1108,3-172881-A-48.wav,3,48,fireworks,2,pig,False
Log-Mel,1109,3-172922-A-48.wav,3,48,fireworks,19,thunderstorm,False
Log-Mel,1110,3-174840-A-43.wav,3,43,car_horn,21,sneezing,False
Log-Mel,1111,3-174866-A-29.wav,3,29,drinking_sipping,30,door_wood_knock,False
Log-Mel,1112,3-177082-A-22.wav,3,22,clapping,22,clapping,True
Log-Mel,1113,3-177083-A-22.wav,3,22,clapping,22,clapping,True
Log-Mel,1114,3-178096-A-6.wav,3,6,hen,42,siren,False
Log-Mel,1115,3-180147-A-30.wav,3,30,door_wood_knock,30,door_wood_knock,True
Log-Mel,1116,3-180256-A-0.wav,3,0,dog,0,dog,True
Log-Mel,1117,3-180977-A-0.wav,3,0,dog,6,hen,False
Log-Mel,1118,3-181132-A-14.wav,3,14,chirping_birds,14,chirping_birds,True
Log-Mel,1119,3-181278-A-22.wav,3,22,clapping,22,clapping,True
Log-Mel,1120,3-182023-A-30.wav,3,30,door_wood_knock,30,door_wood_knock,True
Log-Mel,1121,3-182025-A-30.wav,3,30,door_wood_knock,30,door_wood_knock,True
Log-Mel,1122,3-182710-A-35.wav,3,35,washing_machine,35,washing_machine,True
Log-Mel,1123,3-182710-B-35.wav,3,35,washing_machine,28,snoring,False
Log-Mel,1124,3-185313-A-31.wav,3,31,mouse_click,25,footsteps,False
Log-Mel,1125,3-185456-A-29.wav,3,29,drinking_sipping,25,footsteps,False
Log-Mel,1126,3-187549-A-6.wav,3,6,hen,6,hen,True
Log-Mel,1127,3-187549-B-6.wav,3,6,hen,6,hen,True
Log-Mel,1128,3-187710-A-11.wav,3,11,sea_waves,49,hand_saw,False
Log-Mel,1129,3-188390-A-6.wav,3,6,hen,43,car_horn,False
Log-Mel,1130,3-188726-A-35.wav,3,35,washing_machine,45,train,False
Log-Mel,1131,3-193767-A-47.wav,3,47,airplane,47,airplane,True
Log-Mel,1132,3-197408-A-8.wav,3,8,sheep,46,church_bells,False
Log-Mel,1133,3-197408-B-8.wav,3,8,sheep,22,clapping,False
Log-Mel,1134,3-197408-C-8.wav,3,8,sheep,8,sheep,True
Log-Mel,1135,3-197435-A-22.wav,3,22,clapping,39,glass_breaking,False
Log-Mel,1136,3-197435-B-22.wav,3,22,clapping,39,glass_breaking,False
Log-Mel,1137,3-203371-A-39.wav,3,39,glass_breaking,39,glass_breaking,True
Log-Mel,1138,3-203373-A-39.wav,3,39,glass_breaking,39,glass_breaking,True
Log-Mel,1139,3-203374-A-39.wav,3,39,glass_breaking,39,glass_breaking,True
Log-Mel,1140,3-203375-A-39.wav,3,39,glass_breaking,39,glass_breaking,True
Log-Mel,1141,3-203377-A-39.wav,3,39,glass_breaking,39,glass_breaking,True
Log-Mel,1142,3-20861-A-8.wav,3,8,sheep,46,church_bells,False
Log-Mel,1143,3-208820-A-49.wav,3,49,hand_saw,10,rain,False
Log-Mel,1144,3-216280-A-39.wav,3,39,glass_breaking,39,glass_breaking,True
Log-Mel,1145,3-216281-A-39.wav,3,39,glass_breaking,15,water_drops,False
Log-Mel,1146,3-216284-A-39.wav,3,39,glass_breaking,15,water_drops,False
Log-Mel,1147,3-233151-A-2.wav,3,2,pig,33,door_wood_creaks,False
Log-Mel,1148,3-243726-A-43.wav,3,43,car_horn,35,washing_machine,False
Log-Mel,1149,3-246513-A-16.wav,3,16,wind,16,wind,True
Log-Mel,1150,3-246513-B-16.wav,3,16,wind,16,wind,True
Log-Mel,1151,3-249913-A-25.wav,3,25,footsteps,16,wind,False
Log-Mel,1152,3-251617-A-48.wav,3,48,fireworks,48,fireworks,True
Log-Mel,1153,3-253081-A-2.wav,3,2,pig,25,footsteps,False
Log-Mel,1154,3-253084-A-2.wav,3,2,pig,33,door_wood_creaks,False
Log-Mel,1155,3-253084-B-2.wav,3,2,pig,33,door_wood_creaks,False
Log-Mel,1156,3-253084-C-2.wav,3,2,pig,2,pig,True
Log-Mel,1157,3-253084-D-2.wav,3,2,pig,33,door_wood_creaks,False
Log-Mel,1158,3-253084-E-2.wav,3,2,pig,33,door_wood_creaks,False
Log-Mel,1159,3-257858-A-2.wav,3,2,pig,25,footsteps,False
Log-Mel,1160,3-259622-A-44.wav,3,44,engine,10,rain,False
Log-Mel,1161,3-51376-A-42.wav,3,42,siren,42,siren,True
Log-Mel,1162,3-51731-A-42.wav,3,42,siren,44,engine,False
Log-Mel,1163,3-51731-B-42.wav,3,42,siren,48,fireworks,False
Log-Mel,1164,3-51909-A-42.wav,3,42,siren,8,sheep,False
Log-Mel,1165,3-51909-B-42.wav,3,42,siren,26,laughing,False
Log-Mel,1166,3-58772-A-42.wav,3,42,siren,26,laughing,False
Log-Mel,1167,3-62878-A-42.wav,3,42,siren,6,hen,False
Log-Mel,1168,3-62878-B-42.wav,3,42,siren,0,dog,False
Log-Mel,1169,3-65748-A-12.wav,3,12,crackling_fire,12,crackling_fire,True
Log-Mel,1170,3-68630-A-40.wav,3,40,helicopter,40,helicopter,True
Log-Mel,1171,3-68630-B-40.wav,3,40,helicopter,40,helicopter,True
Log-Mel,1172,3-68630-C-40.wav,3,40,helicopter,40,helicopter,True
Log-Mel,1173,3-70962-A-4.wav,3,4,frog,8,sheep,False
Log-Mel,1174,3-70962-B-4.wav,3,4,frog,8,sheep,False
Log-Mel,1175,3-70962-C-4.wav,3,4,frog,8,sheep,False
Log-Mel,1176,3-71964-A-4.wav,3,4,frog,4,frog,True
Log-Mel,1177,3-71964-B-4.wav,3,4,frog,4,frog,True
Log-Mel,1178,3-71964-C-4.wav,3,4,frog,4,frog,True
Log-Mel,1179,3-83527-A-4.wav,3,4,frog,42,siren,False
Log-Mel,1180,3-87936-A-46.wav,3,46,church_bells,46,church_bells,True
Log-Mel,1181,3-87936-B-46.wav,3,46,church_bells,46,church_bells,True
Log-Mel,1182,3-92637-A-18.wav,3,18,toilet_flush,48,fireworks,False
Log-Mel,1183,3-93010-A-18.wav,3,18,toilet_flush,18,toilet_flush,True
Log-Mel,1184,3-94342-A-25.wav,3,25,footsteps,27,brushing_teeth,False
Log-Mel,1185,3-94343-A-25.wav,3,25,footsteps,31,mouse_click,False
Log-Mel,1186,3-94344-A-25.wav,3,25,footsteps,27,brushing_teeth,False
Log-Mel,1187,3-94355-A-33.wav,3,33,door_wood_creaks,33,door_wood_creaks,True
Log-Mel,1188,3-95694-A-5.wav,3,5,cat,5,cat,True
Log-Mel,1189,3-95695-A-5.wav,3,5,cat,5,cat,True
Log-Mel,1190,3-95695-B-5.wav,3,5,cat,5,cat,True
Log-Mel,1191,3-95697-A-5.wav,3,5,cat,21,sneezing,False
Log-Mel,1192,3-95698-A-5.wav,3,5,cat,5,cat,True
Log-Mel,1193,3-96606-A-49.wav,3,49,hand_saw,27,brushing_teeth,False
Log-Mel,1194,3-96606-B-49.wav,3,49,hand_saw,27,brushing_teeth,False
Log-Mel,1195,3-97909-A-49.wav,3,49,hand_saw,2,pig,False
Log-Mel,1196,3-97909-B-49.wav,3,49,hand_saw,2,pig,False
Log-Mel,1197,3-98193-A-46.wav,3,46,church_bells,46,church_bells,True
Log-Mel,1198,3-98771-A-18.wav,3,18,toilet_flush,18,toilet_flush,True
Log-Mel,1199,3-98869-A-46.wav,3,46,church_bells,46,church_bells,True
Log-Mel,1200,4-102844-A-49.wav,4,49,hand_saw,11,sea_waves,False
Log-Mel,1201,4-102844-B-49.wav,4,49,hand_saw,25,footsteps,False
Log-Mel,1202,4-102844-C-49.wav,4,49,hand_saw,18,toilet_flush,False
Log-Mel,1203,4-102871-A-42.wav,4,42,siren,42,siren,True
Log-Mel,1204,4-107117-A-33.wav,4,33,door_wood_creaks,22,clapping,False
Log-Mel,1205,4-107120-A-33.wav,4,33,door_wood_creaks,39,glass_breaking,False
Log-Mel,1206,4-107122-A-33.wav,4,33,door_wood_creaks,20,crying_baby,False
Log-Mel,1207,4-108352-A-33.wav,4,33,door_wood_creaks,32,keyboard_typing,False
Log-Mel,1208,4-111671-A-42.wav,4,42,siren,42,siren,True
Log-Mel,1209,4-111671-B-42.wav,4,42,siren,42,siren,True
Log-Mel,1210,4-117627-A-25.wav,4,25,footsteps,48,fireworks,False
Log-Mel,1211,4-117630-A-25.wav,4,25,footsteps,38,clock_tick,False
Log-Mel,1212,4-119647-A-48.wav,4,48,fireworks,48,fireworks,True
Log-Mel,1213,4-119647-B-48.wav,4,48,fireworks,48,fireworks,True
Log-Mel,1214,4-119647-C-48.wav,4,48,fireworks,29,drinking_sipping,False
Log-Mel,1215,4-119647-D-48.wav,4,48,fireworks,48,fireworks,True
Log-Mel,1216,4-119648-A-48.wav,4,48,fireworks,48,fireworks,True
Log-Mel,1217,4-119648-B-48.wav,4,48,fireworks,48,fireworks,True
Log-Mel,1218,4-119648-C-48.wav,4,48,fireworks,48,fireworks,True
Log-Mel,1219,4-119648-D-48.wav,4,48,fireworks,29,drinking_sipping,False
Log-Mel,1220,4-119720-A-18.wav,4,18,toilet_flush,18,toilet_flush,True
Log-Mel,1221,4-120160-A-5.wav,4,5,cat,1,rooster,False
Log-Mel,1222,4-121532-A-42.wav,4,42,siren,42,siren,True
Log-Mel,1223,4-123680-A-18.wav,4,18,toilet_flush,11,sea_waves,False
Log-Mel,1224,4-125070-A-19.wav,4,19,thunderstorm,19,thunderstorm,True
Log-Mel,1225,4-125071-A-19.wav,4,19,thunderstorm,19,thunderstorm,True
Log-Mel,1226,4-125072-A-19.wav,4,19,thunderstorm,19,thunderstorm,True
Log-Mel,1227,4-125072-B-19.wav,4,19,thunderstorm,19,thunderstorm,True
Log-Mel,1228,4-125825-A-46.wav,4,46,church_bells,46,church_bells,True
Log-Mel,1229,4-125825-B-46.wav,4,46,church_bells,46,church_bells,True
Log-Mel,1230,4-125929-A-40.wav,4,40,helicopter,45,train,False
Log-Mel,1231,4-126046-A-18.wav,4,18,toilet_flush,18,toilet_flush,True
Log-Mel,1232,4-126532-A-18.wav,4,18,toilet_flush,7,insects,False
Log-Mel,1233,4-128659-A-33.wav,4,33,door_wood_creaks,49,hand_saw,False
Log-Mel,1234,4-130584-A-4.wav,4,4,frog,8,sheep,False
Log-Mel,1235,4-130891-A-7.wav,4,7,insects,26,laughing,False
Log-Mel,1236,4-132383-A-2.wav,4,2,pig,7,insects,False
Log-Mel,1237,4-132383-B-2.wav,4,2,pig,2,pig,True
Log-Mel,1238,4-132803-A-26.wav,4,26,laughing,6,hen,False
Log-Mel,1239,4-132810-A-26.wav,4,26,laughing,1,rooster,False
Log-Mel,1240,4-132816-A-26.wav,4,26,laughing,42,siren,False
Log-Mel,1241,4-132839-A-33.wav,4,33,door_wood_creaks,22,clapping,False
Log-Mel,1242,4-133047-A-5.wav,4,5,cat,32,keyboard_typing,False
Log-Mel,1243,4-133047-B-5.wav,4,5,cat,33,door_wood_creaks,False
Log-Mel,1244,4-133047-C-5.wav,4,5,cat,33,door_wood_creaks,False
Log-Mel,1245,4-133674-A-26.wav,4,26,laughing,3,cow,False
Log-Mel,1246,4-133895-A-7.wav,4,7,insects,39,glass_breaking,False
Log-Mel,1247,4-135439-A-18.wav,4,18,toilet_flush,18,toilet_flush,True
Log-Mel,1248,4-136381-A-9.wav,4,9,crow,9,crow,True
Log-Mel,1249,4-138344-A-9.wav,4,9,crow,38,clock_tick,False
Log-Mel,1250,4-140034-A-46.wav,4,46,church_bells,46,church_bells,True
Log-Mel,1251,4-141365-A-18.wav,4,18,toilet_flush,18,toilet_flush,True
Log-Mel,1252,4-143118-A-7.wav,4,7,insects,31,mouse_click,False
Log-Mel,1253,4-143118-B-7.wav,4,7,insects,16,wind,False
Log-Mel,1254,4-144083-A-16.wav,4,16,wind,16,wind,True
Log-Mel,1255,4-144083-B-16.wav,4,16,wind,16,wind,True
Log-Mel,1256,4-144083-C-16.wav,4,16,wind,16,wind,True
Log-Mel,1257,4-144085-A-16.wav,4,16,wind,16,wind,True
Log-Mel,1258,4-144468-A-27.wav,4,27,brushing_teeth,27,brushing_teeth,True
Log-Mel,1259,4-144468-B-27.wav,4,27,brushing_teeth,37,clock_alarm,False
Log-Mel,1260,4-145006-A-18.wav,4,18,toilet_flush,32,keyboard_typing,False
Log-Mel,1261,4-145081-A-9.wav,4,9,crow,9,crow,True
Log-Mel,1262,4-146200-A-36.wav,4,36,vacuum_cleaner,36,vacuum_cleaner,True
Log-Mel,1263,4-147240-A-2.wav,4,2,pig,8,sheep,False
Log-Mel,1264,4-147240-B-2.wav,4,2,pig,8,sheep,False
Log-Mel,1265,4-147657-A-46.wav,4,46,church_bells,16,wind,False
Log-Mel,1266,4-147658-A-46.wav,4,46,church_bells,46,church_bells,True
Log-Mel,1267,4-149294-A-41.wav,4,41,chainsaw,7,insects,False
Log-Mel,1268,4-149294-B-41.wav,4,41,chainsaw,7,insects,False
Log-Mel,1269,4-149940-A-5.wav,4,5,cat,0,dog,False
Log-Mel,1270,4-149940-B-5.wav,4,5,cat,5,cat,True
Log-Mel,1271,4-150364-A-46.wav,4,46,church_bells,46,church_bells,True
Log-Mel,1272,4-150364-B-46.wav,4,46,church_bells,46,church_bells,True
Log-Mel,1273,4-151242-A-37.wav,4,37,clock_alarm,37,clock_alarm,True
Log-Mel,1274,4-152958-A-18.wav,4,18,toilet_flush,25,footsteps,False
Log-Mel,1275,4-152995-A-24.wav,4,24,coughing,43,car_horn,False
Log-Mel,1276,4-154405-A-27.wav,4,27,brushing_teeth,15,water_drops,False
Log-Mel,1277,4-154405-B-27.wav,4,27,brushing_teeth,15,water_drops,False
Log-Mel,1278,4-154443-A-24.wav,4,24,coughing,21,sneezing,False
Log-Mel,1279,4-154793-A-4.wav,4,4,frog,8,sheep,False
Log-Mel,1280,4-155650-A-24.wav,4,24,coughing,26,laughing,False
Log-Mel,1281,4-155650-B-24.wav,4,24,coughing,29,drinking_sipping,False
Log-Mel,1282,4-155670-A-26.wav,4,26,laughing,8,sheep,False
Log-Mel,1283,4-156227-A-9.wav,4,9,crow,9,crow,True
Log-Mel,1284,4-156827-A-46.wav,4,46,church_bells,46,church_bells,True
Log-Mel,1285,4-156843-A-21.wav,4,21,sneezing,15,water_drops,False
Log-Mel,1286,4-156844-A-21.wav,4,21,sneezing,33,door_wood_creaks,False
Log-Mel,1287,4-156993-A-19.wav,4,19,thunderstorm,2,pig,False
Log-Mel,1288,4-157296-A-24.wav,4,24,coughing,33,door_wood_creaks,False
Log-Mel,1289,4-157297-A-21.wav,4,21,sneezing,21,sneezing,True
Log-Mel,1290,4-157611-A-41.wav,4,41,chainsaw,45,train,False
Log-Mel,1291,4-157611-B-41.wav,4,41,chainsaw,16,wind,False
Log-Mel,1292,4-158653-A-32.wav,4,32,keyboard_typing,32,keyboard_typing,True
Log-Mel,1293,4-159426-A-9.wav,4,9,crow,9,crow,True
Log-Mel,1294,4-159609-A-14.wav,4,14,chirping_birds,14,chirping_birds,True
Log-Mel,1295,4-159609-B-14.wav,4,14,chirping_birds,14,chirping_birds,True
Log-Mel,1296,4-160036-A-33.wav,4,33,door_wood_creaks,33,door_wood_creaks,True
Log-Mel,1297,4-160036-B-33.wav,4,33,door_wood_creaks,19,thunderstorm,False
Log-Mel,1298,4-160999-A-10.wav,4,10,rain,11,sea_waves,False
Log-Mel,1299,4-161099-A-47.wav,4,47,airplane,47,airplane,True
Log-Mel,1300,4-161099-B-47.wav,4,47,airplane,46,church_bells,False
Log-Mel,1301,4-161100-A-47.wav,4,47,airplane,47,airplane,True
Log-Mel,1302,4-161103-A-47.wav,4,47,airplane,47,airplane,True
Log-Mel,1303,4-161105-A-47.wav,4,47,airplane,46,church_bells,False
Log-Mel,1304,4-161105-B-47.wav,4,47,airplane,40,helicopter,False
Log-Mel,1305,4-161127-A-10.wav,4,10,rain,10,rain,True
Log-Mel,1306,4-161303-A-5.wav,4,5,cat,1,rooster,False
Log-Mel,1307,4-161303-B-5.wav,4,5,cat,0,dog,False
Log-Mel,1308,4-161519-A-19.wav,4,19,thunderstorm,19,thunderstorm,True
Log-Mel,1309,4-161579-A-40.wav,4,40,helicopter,43,car_horn,False
Log-Mel,1310,4-161579-B-40.wav,4,40,helicopter,45,train,False
Log-Mel,1311,4-163264-A-10.wav,4,10,rain,10,rain,True
Log-Mel,1312,4-163606-A-16.wav,4,16,wind,16,wind,True
Log-Mel,1313,4-163608-B-16.wav,4,16,wind,16,wind,True
Log-Mel,1314,4-163609-A-16.wav,4,16,wind,16,wind,True
Log-Mel,1315,4-163609-B-16.wav,4,16,wind,19,thunderstorm,False
Log-Mel,1316,4-163697-A-13.wav,4,13,crickets,37,clock_alarm,False
Log-Mel,1317,4-164021-A-1.wav,4,1,rooster,1,rooster,True
Log-Mel,1318,4-164064-A-1.wav,4,1,rooster,1,rooster,True
Log-Mel,1319,4-164064-B-1.wav,4,1,rooster,1,rooster,True
Log-Mel,1320,4-164064-C-1.wav,4,1,rooster,1,rooster,True
Log-Mel,1321,4-164206-A-10.wav,4,10,rain,10,rain,True
Log-Mel,1322,4-164243-A-26.wav,4,26,laughing,26,laughing,True
Log-Mel,1323,4-164661-A-12.wav,4,12,crackling_fire,12,crackling_fire,True
Log-Mel,1324,4-164661-B-12.wav,4,12,crackling_fire,12,crackling_fire,True
Log-Mel,1325,4-164859-A-1.wav,4,1,rooster,1,rooster,True
Log-Mel,1326,4-165606-A-45.wav,4,45,train,45,train,True
Log-Mel,1327,4-165791-A-45.wav,4,45,train,45,train,True
Log-Mel,1328,4-165791-B-45.wav,4,45,train,45,train,True
Log-Mel,1329,4-165813-A-19.wav,4,19,thunderstorm,19,thunderstorm,True
Log-Mel,1330,4-165813-B-19.wav,4,19,thunderstorm,19,thunderstorm,True
Log-Mel,1331,4-165823-A-41.wav,4,41,chainsaw,41,chainsaw,True
Log-Mel,1332,4-165823-B-41.wav,4,41,chainsaw,18,toilet_flush,False
Log-Mel,1333,4-165845-A-45.wav,4,45,train,45,train,True
Log-Mel,1334,4-165845-B-45.wav,4,45,train,45,train,True
Log-Mel,1335,4-165933-A-45.wav,4,45,train,16,wind,False
Log-Mel,1336,4-166661-A-10.wav,4,10,rain,10,rain,True
Log-Mel,1337,4-167063-A-11.wav,4,11,sea_waves,11,sea_waves,True
Log-Mel,1338,4-167063-B-11.wav,4,11,sea_waves,11,sea_waves,True
Log-Mel,1339,4-167063-C-11.wav,4,11,sea_waves,11,sea_waves,True
Log-Mel,1340,4-167077-A-20.wav,4,20,crying_baby,20,crying_baby,True
Log-Mel,1341,4-167077-B-20.wav,4,20,crying_baby,20,crying_baby,True
Log-Mel,1342,4-167077-C-20.wav,4,20,crying_baby,33,door_wood_creaks,False
Log-Mel,1343,4-167155-A-32.wav,4,32,keyboard_typing,4,frog,False
Log-Mel,1344,4-167571-A-26.wav,4,26,laughing,3,cow,False
Log-Mel,1345,4-167642-A-21.wav,4,21,sneezing,21,sneezing,True
Log-Mel,1346,4-168155-A-15.wav,4,15,water_drops,15,water_drops,True
Log-Mel,1347,4-168446-A-45.wav,4,45,train,45,train,True
Log-Mel,1348,4-168868-A-17.wav,4,17,pouring_water,42,siren,False
Log-Mel,1349,4-169127-A-41.wav,4,41,chainsaw,41,chainsaw,True
Log-Mel,1350,4-169127-B-41.wav,4,41,chainsaw,36,vacuum_cleaner,False
Log-Mel,1351,4-169508-A-37.wav,4,37,clock_alarm,10,rain,False
Log-Mel,1352,4-169726-A-24.wav,4,24,coughing,24,coughing,True
Log-Mel,1353,4-170078-A-1.wav,4,1,rooster,1,rooster,True
Log-Mel,1354,4-170247-A-12.wav,4,12,crackling_fire,12,crackling_fire,True
Log-Mel,1355,4-170247-B-12.wav,4,12,crackling_fire,12,crackling_fire,True
Log-Mel,1356,4-171207-A-12.wav,4,12,crackling_fire,12,crackling_fire,True
Log-Mel,1357,4-171396-A-24.wav,4,24,coughing,24,coughing,True
Log-Mel,1358,4-171519-A-21.wav,4,21,sneezing,21,sneezing,True
Log-Mel,1359,4-171652-A-44.wav,4,44,engine,36,vacuum_cleaner,False
Log-Mel,1360,4-171706-A-23.wav,4,23,breathing,22,clapping,False
Log-Mel,1361,4-171823-A-13.wav,4,13,crickets,8,sheep,False
Log-Mel,1362,4-172143-A-13.wav,4,13,crickets,31,mouse_click,False
Log-Mel,1363,4-172180-A-32.wav,4,32,keyboard_typing,28,snoring,False
Log-Mel,1364,4-172366-A-37.wav,4,37,clock_alarm,37,clock_alarm,True
Log-Mel,1365,4-172377-A-17.wav,4,17,pouring_water,17,pouring_water,True
Log-Mel,1366,4-172500-A-27.wav,4,27,brushing_teeth,7,insects,False
Log-Mel,1367,4-172500-B-27.wav,4,27,brushing_teeth,27,brushing_teeth,True
Log-Mel,1368,4-172500-C-27.wav,4,27,brushing_teeth,27,brushing_teeth,True
Log-Mel,1369,4-172500-D-27.wav,4,27,brushing_teeth,25,footsteps,False
Log-Mel,1370,4-172732-A-36.wav,4,36,vacuum_cleaner,35,washing_machine,False
Log-Mel,1371,4-172733-A-36.wav,4,36,vacuum_cleaner,22,clapping,False
Log-Mel,1372,4-172734-A-36.wav,4,36,vacuum_cleaner,11,sea_waves,False
Log-Mel,1373,4-172736-A-36.wav,4,36,vacuum_cleaner,10,rain,False
Log-Mel,1374,4-172736-B-36.wav,4,36,vacuum_cleaner,11,sea_waves,False
Log-Mel,1375,4-172742-A-32.wav,4,32,keyboard_typing,24,coughing,False
Log-Mel,1376,4-173865-A-9.wav,4,9,crow,17,pouring_water,False
Log-Mel,1377,4-173865-B-9.wav,4,9,crow,9,crow,True
Log-Mel,1378,4-174797-A-15.wav,4,15,water_drops,24,coughing,False
Log-Mel,1379,4-174860-A-3.wav,4,3,cow,26,laughing,False
Log-Mel,1380,4-174860-B-3.wav,4,3,cow,7,insects,False
Log-Mel,1381,4-175000-A-40.wav,4,40,helicopter,19,thunderstorm,False
Log-Mel,1382,4-175000-B-40.wav,4,40,helicopter,19,thunderstorm,False
Log-Mel,1383,4-175000-C-40.wav,4,40,helicopter,47,airplane,False
Log-Mel,1384,4-175025-A-34.wav,4,34,can_opening,34,can_opening,True
Log-Mel,1385,4-175845-A-43.wav,4,43,car_horn,19,thunderstorm,False
Log-Mel,1386,4-175846-A-43.wav,4,43,car_horn,43,car_horn,True
Log-Mel,1387,4-175855-A-43.wav,4,43,car_horn,29,drinking_sipping,False
Log-Mel,1388,4-175856-A-43.wav,4,43,car_horn,19,thunderstorm,False
Log-Mel,1389,4-175945-A-38.wav,4,38,clock_tick,8,sheep,False
Log-Mel,1390,4-176631-A-43.wav,4,43,car_horn,43,car_horn,True
Log-Mel,1391,4-176638-A-43.wav,4,43,car_horn,38,clock_tick,False
Log-Mel,1392,4-176914-A-23.wav,4,23,breathing,21,sneezing,False
Log-Mel,1393,4-177243-A-32.wav,4,32,keyboard_typing,49,hand_saw,False
Log-Mel,1394,4-177250-A-10.wav,4,10,rain,10,rain,True
Log-Mel,1395,4-177835-A-24.wav,4,24,coughing,24,coughing,True
Log-Mel,1396,4-178402-A-43.wav,4,43,car_horn,43,car_horn,True
Log-Mel,1397,4-178881-A-45.wav,4,45,train,45,train,True
Log-Mel,1398,4-179836-A-34.wav,4,34,can_opening,34,can_opening,True
Log-Mel,1399,4-179984-A-38.wav,4,38,clock_tick,38,clock_tick,True
Log-Mel,1400,4-180337-A-28.wav,4,28,snoring,28,snoring,True
Log-Mel,1401,4-180380-A-10.wav,4,10,rain,10,rain,True
Log-Mel,1402,4-180453-A-17.wav,4,17,pouring_water,17,pouring_water,True
Log-Mel,1403,4-181035-A-38.wav,4,38,clock_tick,1,rooster,False
Log-Mel,1404,4-181286-A-10.wav,4,10,rain,10,rain,True
Log-Mel,1405,4-181362-A-13.wav,4,13,crickets,13,crickets,True
Log-Mel,1406,4-181563-A-12.wav,4,12,crackling_fire,12,crackling_fire,True
Log-Mel,1407,4-181599-A-26.wav,4,26,laughing,4,frog,False
Log-Mel,1408,4-181628-A-17.wav,4,17,pouring_water,17,pouring_water,True
Log-Mel,1409,4-181707-A-32.wav,4,32,keyboard_typing,32,keyboard_typing,True
Log-Mel,1410,4-181708-A-32.wav,4,32,keyboard_typing,32,keyboard_typing,True
Log-Mel,1411,4-181865-A-38.wav,4,38,clock_tick,25,footsteps,False
Log-Mel,1412,4-181955-A-3.wav,4,3,cow,3,cow,True
Log-Mel,1413,4-181955-B-3.wav,4,3,cow,3,cow,True
Log-Mel,1414,4-181955-C-3.wav,4,3,cow,3,cow,True
Log-Mel,1415,4-181999-A-36.wav,4,36,vacuum_cleaner,36,vacuum_cleaner,True
Log-Mel,1416,4-182034-A-30.wav,4,30,door_wood_knock,15,water_drops,False
Log-Mel,1417,4-182039-A-30.wav,4,30,door_wood_knock,30,door_wood_knock,True
Log-Mel,1418,4-182041-A-30.wav,4,30,door_wood_knock,30,door_wood_knock,True
Log-Mel,1419,4-182314-A-7.wav,4,7,insects,7,insects,True
Log-Mel,1420,4-182314-B-7.wav,4,7,insects,7,insects,True
Log-Mel,1421,4-182368-A-12.wav,4,12,crackling_fire,12,crackling_fire,True
Log-Mel,1422,4-182369-A-12.wav,4,12,crackling_fire,12,crackling_fire,True
Log-Mel,1423,4-182395-A-0.wav,4,0,dog,30,door_wood_knock,False
Log-Mel,1424,4-182613-A-11.wav,4,11,sea_waves,11,sea_waves,True
Log-Mel,1425,4-182613-B-11.wav,4,11,sea_waves,11,sea_waves,True
Log-Mel,1426,4-182795-A-14.wav,4,14,chirping_birds,14,chirping_birds,True
Log-Mel,1427,4-182839-A-17.wav,4,17,pouring_water,7,insects,False
Log-Mel,1428,4-183487-A-1.wav,4,1,rooster,1,rooster,True
Log-Mel,1429,4-183882-A-28.wav,4,28,snoring,28,snoring,True
Log-Mel,1430,4-183882-B-28.wav,4,28,snoring,28,snoring,True
Log-Mel,1431,4-183992-A-0.wav,4,0,dog,0,dog,True
Log-Mel,1432,4-184235-A-28.wav,4,28,snoring,6,hen,False
Log-Mel,1433,4-184237-A-28.wav,4,28,snoring,31,mouse_click,False
Log-Mel,1434,4-184434-A-21.wav,4,21,sneezing,24,coughing,False
Log-Mel,1435,4-184575-A-0.wav,4,0,dog,0,dog,True
Log-Mel,1436,4-185415-A-21.wav,4,21,sneezing,15,water_drops,False
Log-Mel,1437,4-185575-A-20.wav,4,20,crying_baby,20,crying_baby,True
Log-Mel,1438,4-185575-B-20.wav,4,20,crying_baby,20,crying_baby,True
Log-Mel,1439,4-185575-C-20.wav,4,20,crying_baby,20,crying_baby,True
Log-Mel,1440,4-185613-A-32.wav,4,32,keyboard_typing,32,keyboard_typing,True
Log-Mel,1441,4-185619-A-21.wav,4,21,sneezing,24,coughing,False
Log-Mel,1442,4-186518-A-30.wav,4,30,door_wood_knock,3,cow,False
Log-Mel,1443,4-186693-A-17.wav,4,17,pouring_water,17,pouring_water,True
Log-Mel,1444,4-186935-A-44.wav,4,44,engine,22,clapping,False
Log-Mel,1445,4-186936-A-44.wav,4,44,engine,44,engine,True
Log-Mel,1446,4-186938-A-44.wav,4,44,engine,44,engine,True
Log-Mel,1447,4-186940-A-44.wav,4,44,engine,41,chainsaw,False
Log-Mel,1448,4-186962-A-44.wav,4,44,engine,44,engine,True
Log-Mel,1449,4-187284-A-30.wav,4,30,door_wood_knock,22,clapping,False
Log-Mel,1450,4-187384-A-34.wav,4,34,can_opening,34,can_opening,True
Log-Mel,1451,4-187504-A-17.wav,4,17,pouring_water,17,pouring_water,True
Log-Mel,1452,4-187504-B-17.wav,4,17,pouring_water,17,pouring_water,True
Log-Mel,1453,4-187769-A-14.wav,4,14,chirping_birds,43,car_horn,False
Log-Mel,1454,4-187769-B-14.wav,4,14,chirping_birds,14,chirping_birds,True
Log-Mel,1455,4-188003-A-34.wav,4,34,can_opening,34,can_opening,True
Log-Mel,1456,4-188033-A-38.wav,4,38,clock_tick,43,car_horn,False
Log-Mel,1457,4-188191-A-29.wav,4,29,drinking_sipping,24,coughing,False
Log-Mel,1458,4-188191-B-29.wav,4,29,drinking_sipping,24,coughing,False
Log-Mel,1459,4-188191-C-29.wav,4,29,drinking_sipping,24,coughing,False
Log-Mel,1460,4-188287-A-9.wav,4,9,crow,4,frog,False
Log-Mel,1461,4-188293-A-15.wav,4,15,water_drops,15,water_drops,True
Log-Mel,1462,4-188293-B-15.wav,4,15,water_drops,15,water_drops,True
Log-Mel,1463,4-188595-A-29.wav,4,29,drinking_sipping,24,coughing,False
Log-Mel,1464,4-188703-A-8.wav,4,8,sheep,23,breathing,False
Log-Mel,1465,4-188703-B-8.wav,4,8,sheep,8,sheep,True
Log-Mel,1466,4-188703-C-8.wav,4,8,sheep,19,thunderstorm,False
Log-Mel,1467,4-188703-D-8.wav,4,8,sheep,19,thunderstorm,False
Log-Mel,1468,4-188878-A-30.wav,4,30,door_wood_knock,29,drinking_sipping,False
Log-Mel,1469,4-189332-A-37.wav,4,37,clock_alarm,37,clock_alarm,True
Log-Mel,1470,4-189828-A-22.wav,4,22,clapping,22,clapping,True
Log-Mel,1471,4-189830-A-22.wav,4,22,clapping,11,sea_waves,False
Log-Mel,1472,4-189832-A-22.wav,4,22,clapping,22,clapping,True
Log-Mel,1473,4-189832-B-22.wav,4,22,clapping,22,clapping,True
Log-Mel,1474,4-189833-A-22.wav,4,22,clapping,22,clapping,True
Log-Mel,1475,4-189836-A-22.wav,4,22,clapping,22,clapping,True
Log-Mel,1476,4-189838-A-22.wav,4,22,clapping,22,clapping,True
Log-Mel,1477,4-191015-A-43.wav,4,43,car_horn,31,mouse_click,False
Log-Mel,1478,4-191246-A-7.wav,4,7,insects,25,footsteps,False
Log-Mel,1479,4-191246-B-7.wav,4,7,insects,31,mouse_click,False
Log-Mel,1480,4-191297-A-28.wav,4,28,snoring,28,snoring,True
Log-Mel,1481,4-191327-A-38.wav,4,38,clock_tick,14,chirping_birds,False
Log-Mel,1482,4-191687-A-0.wav,4,0,dog,0,dog,True
Log-Mel,1483,4-192068-A-31.wav,4,31,mouse_click,31,mouse_click,True
Log-Mel,1484,4-192236-A-0.wav,4,0,dog,6,hen,False
Log-Mel,1485,4-193480-A-40.wav,4,40,helicopter,40,helicopter,True
Log-Mel,1486,4-193480-B-40.wav,4,40,helicopter,40,helicopter,True
Log-Mel,1487,4-194246-A-13.wav,4,13,crickets,13,crickets,True
Log-Mel,1488,4-194680-A-36.wav,4,36,vacuum_cleaner,36,vacuum_cleaner,True
Log-Mel,1489,4-194711-A-38.wav,4,38,clock_tick,12,crackling_fire,False
Log-Mel,1490,4-194754-A-0.wav,4,0,dog,0,dog,True
Log-Mel,1491,4-194808-A-29.wav,4,29,drinking_sipping,29,drinking_sipping,True
Log-Mel,1492,4-194979-A-25.wav,4,25,footsteps,27,brushing_teeth,False
Log-Mel,1493,4-194981-A-25.wav,4,25,footsteps,2,pig,False
Log-Mel,1494,4-195305-A-31.wav,4,31,mouse_click,12,crackling_fire,False
Log-Mel,1495,4-195451-A-44.wav,4,44,engine,11,sea_waves,False
Log-Mel,1496,4-195497-A-11.wav,4,11,sea_waves,11,sea_waves,True
Log-Mel,1497,4-195497-B-11.wav,4,11,sea_waves,32,keyboard_typing,False
Log-Mel,1498,4-195707-A-13.wav,4,13,crickets,14,chirping_birds,False
Log-Mel,1499,4-195805-A-13.wav,4,13,crickets,13,crickets,True
Log-Mel,1500,4-196671-A-8.wav,4,8,sheep,8,sheep,True
Log-Mel,1501,4-196671-B-8.wav,4,8,sheep,4,frog,False
Log-Mel,1502,4-196672-A-8.wav,4,8,sheep,18,toilet_flush,False
Log-Mel,1503,4-197103-A-6.wav,4,6,hen,6,hen,True
Log-Mel,1504,4-197454-A-28.wav,4,28,snoring,28,snoring,True
Log-Mel,1505,4-197454-B-28.wav,4,28,snoring,28,snoring,True
Log-Mel,1506,4-197871-A-15.wav,4,15,water_drops,34,can_opening,False
Log-Mel,1507,4-198025-A-23.wav,4,23,breathing,32,keyboard_typing,False
Log-Mel,1508,4-198360-A-49.wav,4,49,hand_saw,27,brushing_teeth,False
Log-Mel,1509,4-198360-B-49.wav,4,49,hand_saw,29,drinking_sipping,False
Log-Mel,1510,4-198360-C-49.wav,4,49,hand_saw,18,toilet_flush,False
Log-Mel,1511,4-198841-A-37.wav,4,37,clock_alarm,37,clock_alarm,True
Log-Mel,1512,4-198962-A-25.wav,4,25,footsteps,29,drinking_sipping,False
Log-Mel,1513,4-198962-B-25.wav,4,25,footsteps,19,thunderstorm,False
Log-Mel,1514,4-198965-A-38.wav,4,38,clock_tick,12,crackling_fire,False
Log-Mel,1515,4-199261-A-0.wav,4,0,dog,0,dog,True
Log-Mel,1516,4-200330-A-6.wav,4,6,hen,7,insects,False
Log-Mel,1517,4-200330-B-6.wav,4,6,hen,25,footsteps,False
Log-Mel,1518,4-201300-A-31.wav,4,31,mouse_click,31,mouse_click,True
Log-Mel,1519,4-201800-A-31.wav,4,31,mouse_click,39,glass_breaking,False
Log-Mel,1520,4-201988-A-44.wav,4,44,engine,35,washing_machine,False
Log-Mel,1521,4-202298-A-31.wav,4,31,mouse_click,39,glass_breaking,False
Log-Mel,1522,4-202749-A-13.wav,4,13,crickets,14,chirping_birds,False
Log-Mel,1523,4-204115-A-39.wav,4,39,glass_breaking,2,pig,False
Log-Mel,1524,4-204119-A-39.wav,4,39,glass_breaking,33,door_wood_creaks,False
Log-Mel,1525,4-204121-A-39.wav,4,39,glass_breaking,39,glass_breaking,True
Log-Mel,1526,4-204123-A-39.wav,4,39,glass_breaking,33,door_wood_creaks,False
Log-Mel,1527,4-204202-A-29.wav,4,29,drinking_sipping,17,pouring_water,False
Log-Mel,1528,4-204612-A-31.wav,4,31,mouse_click,34,can_opening,False
Log-Mel,1529,4-204618-A-11.wav,4,11,sea_waves,41,chainsaw,False
Log-Mel,1530,4-204683-A-31.wav,4,31,mouse_click,14,chirping_birds,False
Log-Mel,1531,4-204684-A-37.wav,4,37,clock_alarm,37,clock_alarm,True
Log-Mel,1532,4-204777-A-39.wav,4,39,glass_breaking,48,fireworks,False
Log-Mel,1533,4-204777-B-39.wav,4,39,glass_breaking,39,glass_breaking,True
Log-Mel,1534,4-204777-C-39.wav,4,39,glass_breaking,22,clapping,False
Log-Mel,1535,4-204830-A-6.wav,4,6,hen,38,clock_tick,False
Log-Mel,1536,4-205526-A-23.wav,4,23,breathing,11,sea_waves,False
Log-Mel,1537,4-205526-B-23.wav,4,23,breathing,49,hand_saw,False
Log-Mel,1538,4-205738-A-22.wav,4,22,clapping,22,clapping,True
Log-Mel,1539,4-207116-A-23.wav,4,23,breathing,3,cow,False
Log-Mel,1540,4-207124-A-0.wav,4,0,dog,0,dog,True
Log-Mel,1541,4-208021-A-1.wav,4,1,rooster,2,pig,False
Log-Mel,1542,4-209536-A-37.wav,4,37,clock_alarm,14,chirping_birds,False
Log-Mel,1543,4-209698-A-37.wav,4,37,clock_alarm,39,glass_breaking,False
Log-Mel,1544,4-210000-A-23.wav,4,23,breathing,6,hen,False
Log-Mel,1545,4-210000-B-23.wav,4,23,breathing,49,hand_saw,False
Log-Mel,1546,4-210309-A-31.wav,4,31,mouse_click,21,sneezing,False
Log-Mel,1547,4-210593-A-29.wav,4,29,drinking_sipping,7,insects,False
Log-Mel,1548,4-211502-A-30.wav,4,30,door_wood_knock,30,door_wood_knock,True
Log-Mel,1549,4-212604-A-15.wav,4,15,water_drops,31,mouse_click,False
Log-Mel,1550,4-212604-B-15.wav,4,15,water_drops,34,can_opening,False
Log-Mel,1551,4-212604-C-15.wav,4,15,water_drops,15,water_drops,True
Log-Mel,1552,4-212698-A-39.wav,4,39,glass_breaking,39,glass_breaking,True
Log-Mel,1553,4-212728-A-34.wav,4,34,can_opening,34,can_opening,True
Log-Mel,1554,4-213193-A-29.wav,4,29,drinking_sipping,3,cow,False
Log-Mel,1555,4-213915-A-3.wav,4,3,cow,3,cow,True
Log-Mel,1556,4-213915-B-3.wav,4,3,cow,46,church_bells,False
Log-Mel,1557,4-213915-C-3.wav,4,3,cow,46,church_bells,False
Log-Mel,1558,4-215635-A-34.wav,4,34,can_opening,34,can_opening,True
Log-Mel,1559,4-216211-A-14.wav,4,14,chirping_birds,14,chirping_birds,True
Log-Mel,1560,4-216349-A-34.wav,4,34,can_opening,34,can_opening,True
Log-Mel,1561,4-218199-A-35.wav,4,35,washing_machine,35,washing_machine,True
Log-Mel,1562,4-218199-B-35.wav,4,35,washing_machine,35,washing_machine,True
Log-Mel,1563,4-218199-C-35.wav,4,35,washing_machine,10,rain,False
Log-Mel,1564,4-218199-D-35.wav,4,35,washing_machine,35,washing_machine,True
Log-Mel,1565,4-218199-E-35.wav,4,35,washing_machine,45,train,False
Log-Mel,1566,4-218199-F-35.wav,4,35,washing_machine,35,washing_machine,True
Log-Mel,1567,4-218199-G-35.wav,4,35,washing_machine,45,train,False
Log-Mel,1568,4-218199-H-35.wav,4,35,washing_machine,10,rain,False
Log-Mel,1569,4-218304-A-25.wav,4,25,footsteps,49,hand_saw,False
Log-Mel,1570,4-218304-B-25.wav,4,25,footsteps,25,footsteps,True
Log-Mel,1571,4-223125-A-14.wav,4,14,chirping_birds,37,clock_alarm,False
Log-Mel,1572,4-223127-A-14.wav,4,14,chirping_birds,14,chirping_birds,True
Log-Mel,1573,4-232495-A-6.wav,4,6,hen,20,crying_baby,False
Log-Mel,1574,4-234644-A-2.wav,4,2,pig,23,breathing,False
Log-Mel,1575,4-234879-A-6.wav,4,6,hen,6,hen,True
Log-Mel,1576,4-244318-A-6.wav,4,6,hen,6,hen,True
Log-Mel,1577,4-250864-A-8.wav,4,8,sheep,33,door_wood_creaks,False
Log-Mel,1578,4-250869-A-2.wav,4,2,pig,41,chainsaw,False
Log-Mel,1579,4-250869-B-2.wav,4,2,pig,49,hand_saw,False
Log-Mel,1580,4-250869-C-2.wav,4,2,pig,49,hand_saw,False
Log-Mel,1581,4-251645-A-49.wav,4,49,hand_saw,22,clapping,False
Log-Mel,1582,4-251645-B-49.wav,4,49,hand_saw,22,clapping,False
Log-Mel,1583,4-251959-A-47.wav,4,47,airplane,45,train,False
Log-Mel,1584,4-253649-A-6.wav,4,6,hen,0,dog,False
Log-Mel,1585,4-255371-A-47.wav,4,47,airplane,47,airplane,True
Log-Mel,1586,4-261068-A-30.wav,4,30,door_wood_knock,28,snoring,False
Log-Mel,1587,4-264453-A-34.wav,4,34,can_opening,34,can_opening,True
Log-Mel,1588,4-59579-A-20.wav,4,20,crying_baby,20,crying_baby,True
Log-Mel,1589,4-59579-B-20.wav,4,20,crying_baby,21,sneezing,False
Log-Mel,1590,4-67358-A-42.wav,4,42,siren,0,dog,False
Log-Mel,1591,4-80761-A-42.wav,4,42,siren,48,fireworks,False
Log-Mel,1592,4-90014-A-42.wav,4,42,siren,42,siren,True
Log-Mel,1593,4-90014-B-42.wav,4,42,siren,42,siren,True
Log-Mel,1594,4-99193-A-4.wav,4,4,frog,4,frog,True
Log-Mel,1595,4-99193-B-4.wav,4,4,frog,4,frog,True
Log-Mel,1596,4-99644-A-4.wav,4,4,frog,4,frog,True
Log-Mel,1597,4-99644-B-4.wav,4,4,frog,4,frog,True
Log-Mel,1598,4-99644-C-4.wav,4,4,frog,4,frog,True
Log-Mel,1599,4-99644-D-4.wav,4,4,frog,4,frog,True
Log-Mel,1600,5-103415-A-2.wav,5,2,pig,2,pig,True
Log-Mel,1601,5-103416-A-2.wav,5,2,pig,23,breathing,False
Log-Mel,1602,5-103418-A-2.wav,5,2,pig,26,laughing,False
Log-Mel,1603,5-103420-A-2.wav,5,2,pig,21,sneezing,False
Log-Mel,1604,5-103421-A-2.wav,5,2,pig,2,pig,True
Log-Mel,1605,5-103422-A-2.wav,5,2,pig,24,coughing,False
Log-Mel,1606,5-117118-A-42.wav,5,42,siren,42,siren,True
Log-Mel,1607,5-117120-A-42.wav,5,42,siren,17,pouring_water,False
Log-Mel,1608,5-117122-A-42.wav,5,42,siren,42,siren,True
Log-Mel,1609,5-117250-A-2.wav,5,2,pig,24,coughing,False
Log-Mel,1610,5-117773-A-16.wav,5,16,wind,16,wind,True
Log-Mel,1611,5-127990-A-2.wav,5,2,pig,25,footsteps,False
Log-Mel,1612,5-133989-A-42.wav,5,42,siren,26,laughing,False
Log-Mel,1613,5-133989-B-42.wav,5,42,siren,8,sheep,False
Log-Mel,1614,5-141683-A-35.wav,5,35,washing_machine,16,wind,False
Log-Mel,1615,5-147297-A-27.wav,5,27,brushing_teeth,27,brushing_teeth,True
Log-Mel,1616,5-150409-A-42.wav,5,42,siren,45,train,False
Log-Mel,1617,5-151085-A-20.wav,5,20,crying_baby,20,crying_baby,True
Log-Mel,1618,5-156026-A-4.wav,5,4,frog,0,dog,False
Log-Mel,1619,5-156026-B-4.wav,5,4,frog,0,dog,False
Log-Mel,1620,5-156026-C-4.wav,5,4,frog,25,footsteps,False
Log-Mel,1621,5-156026-D-4.wav,5,4,frog,0,dog,False
Log-Mel,1622,5-156698-A-18.wav,5,18,toilet_flush,18,toilet_flush,True
Log-Mel,1623,5-156999-A-19.wav,5,19,thunderstorm,19,thunderstorm,True
Log-Mel,1624,5-156999-B-19.wav,5,19,thunderstorm,19,thunderstorm,True
Log-Mel,1625,5-156999-C-19.wav,5,19,thunderstorm,19,thunderstorm,True
Log-Mel,1626,5-156999-D-19.wav,5,19,thunderstorm,19,thunderstorm,True
Log-Mel,1627,5-156999-E-19.wav,5,19,thunderstorm,45,train,False
Log-Mel,1628,5-157204-A-16.wav,5,16,wind,44,engine,False
Log-Mel,1629,5-157204-B-16.wav,5,16,wind,44,engine,False
Log-Mel,1630,5-160551-A-42.wav,5,42,siren,42,siren,True
Log-Mel,1631,5-160614-A-48.wav,5,48,fireworks,2,pig,False
Log-Mel,1632,5-160614-B-48.wav,5,48,fireworks,22,clapping,False
Log-Mel,1633,5-160614-C-48.wav,5,48,fireworks,2,pig,False
Log-Mel,1634,5-160614-D-48.wav,5,48,fireworks,25,footsteps,False
Log-Mel,1635,5-160614-E-48.wav,5,48,fireworks,32,keyboard_typing,False
Log-Mel,1636,5-160614-F-48.wav,5,48,fireworks,2,pig,False
Log-Mel,1637,5-160614-G-48.wav,5,48,fireworks,2,pig,False
Log-Mel,1638,5-160614-H-48.wav,5,48,fireworks,2,pig,False
Log-Mel,1639,5-161270-A-33.wav,5,33,door_wood_creaks,29,drinking_sipping,False
Log-Mel,1640,5-161270-B-33.wav,5,33,door_wood_creaks,3,cow,False
Log-Mel,1641,5-169983-A-5.wav,5,5,cat,29,drinking_sipping,False
Log-Mel,1642,5-170338-A-41.wav,5,41,chainsaw,2,pig,False
Log-Mel,1643,5-170338-B-41.wav,5,41,chainsaw,41,chainsaw,True
Log-Mel,1644,5-171118-A-26.wav,5,26,laughing,26,laughing,True
Log-Mel,1645,5-171653-A-41.wav,5,41,chainsaw,41,chainsaw,True
Log-Mel,1646,5-172299-A-5.wav,5,5,cat,4,frog,False
Log-Mel,1647,5-172639-A-5.wav,5,5,cat,24,coughing,False
Log-Mel,1648,5-173568-A-33.wav,5,33,door_wood_creaks,39,glass_breaking,False
Log-Mel,1649,5-177034-A-18.wav,5,18,toilet_flush,18,toilet_flush,True
Log-Mel,1650,5-177614-A-5.wav,5,5,cat,34,can_opening,False
Log-Mel,1651,5-177779-A-33.wav,5,33,door_wood_creaks,33,door_wood_creaks,True
Log-Mel,1652,5-177957-A-40.wav,5,40,helicopter,16,wind,False
Log-Mel,1653,5-177957-B-40.wav,5,40,helicopter,35,washing_machine,False
Log-Mel,1654,5-177957-C-40.wav,5,40,helicopter,13,crickets,False
Log-Mel,1655,5-177957-D-40.wav,5,40,helicopter,16,wind,False
Log-Mel,1656,5-177957-E-40.wav,5,40,helicopter,16,wind,False
Log-Mel,1657,5-178997-A-24.wav,5,24,coughing,15,water_drops,False
Log-Mel,1658,5-179294-A-46.wav,5,46,church_bells,40,helicopter,False
Log-Mel,1659,5-179496-A-16.wav,5,16,wind,45,train,False
Log-Mel,1660,5-179496-B-16.wav,5,16,wind,16,wind,True
Log-Mel,1661,5-179860-A-43.wav,5,43,car_horn,24,coughing,False
Log-Mel,1662,5-179863-A-43.wav,5,43,car_horn,23,breathing,False
Log-Mel,1663,5-179865-A-43.wav,5,43,car_horn,43,car_horn,True
Log-Mel,1664,5-179866-A-43.wav,5,43,car_horn,43,car_horn,True
Log-Mel,1665,5-179868-A-43.wav,5,43,car_horn,43,car_horn,True
Log-Mel,1666,5-180156-A-43.wav,5,43,car_horn,43,car_horn,True
Log-Mel,1667,5-180156-B-43.wav,5,43,car_horn,43,car_horn,True
Log-Mel,1668,5-180156-C-43.wav,5,43,car_horn,40,helicopter,False
Log-Mel,1669,5-180229-A-27.wav,5,27,brushing_teeth,17,pouring_water,False
Log-Mel,1670,5-181458-A-33.wav,5,33,door_wood_creaks,5,cat,False
Log-Mel,1671,5-181766-A-10.wav,5,10,rain,10,rain,True
Log-Mel,1672,5-181977-A-35.wav,5,35,washing_machine,41,chainsaw,False
Log-Mel,1673,5-182007-A-36.wav,5,36,vacuum_cleaner,36,vacuum_cleaner,True
Log-Mel,1674,5-182010-A-36.wav,5,36,vacuum_cleaner,13,crickets,False
Log-Mel,1675,5-182012-A-36.wav,5,36,vacuum_cleaner,13,crickets,False
Log-Mel,1676,5-182404-A-18.wav,5,18,toilet_flush,36,vacuum_cleaner,False
Log-Mel,1677,5-184323-A-42.wav,5,42,siren,31,mouse_click,False
Log-Mel,1678,5-184871-A-24.wav,5,24,coughing,24,coughing,True
Log-Mel,1679,5-185516-A-27.wav,5,27,brushing_teeth,27,brushing_teeth,True
Log-Mel,1680,5-185579-A-41.wav,5,41,chainsaw,11,sea_waves,False
Log-Mel,1681,5-185579-B-41.wav,5,41,chainsaw,41,chainsaw,True
Log-Mel,1682,5-185908-A-18.wav,5,18,toilet_flush,18,toilet_flush,True
Log-Mel,1683,5-186924-A-12.wav,5,12,crackling_fire,44,engine,False
Log-Mel,1684,5-187201-A-4.wav,5,4,frog,4,frog,True
Log-Mel,1685,5-187201-B-4.wav,5,4,frog,27,brushing_teeth,False
Log-Mel,1686,5-187444-A-33.wav,5,33,door_wood_creaks,18,toilet_flush,False
Log-Mel,1687,5-187979-A-21.wav,5,21,sneezing,21,sneezing,True
Log-Mel,1688,5-188365-A-36.wav,5,36,vacuum_cleaner,36,vacuum_cleaner,True
Log-Mel,1689,5-188495-A-19.wav,5,19,thunderstorm,19,thunderstorm,True
Log-Mel,1690,5-188606-A-33.wav,5,33,door_wood_creaks,23,breathing,False
Log-Mel,1691,5-188655-A-10.wav,5,10,rain,10,rain,True
Log-Mel,1692,5-188716-A-46.wav,5,46,church_bells,46,church_bells,True
Log-Mel,1693,5-188796-A-45.wav,5,45,train,45,train,True
Log-Mel,1694,5-188945-A-45.wav,5,45,train,40,helicopter,False
Log-Mel,1695,5-189212-A-12.wav,5,12,crackling_fire,12,crackling_fire,True
Log-Mel,1696,5-189237-A-12.wav,5,12,crackling_fire,12,crackling_fire,True
Log-Mel,1697,5-189795-A-4.wav,5,4,frog,4,frog,True
Log-Mel,1698,5-191131-A-40.wav,5,40,helicopter,45,train,False
Log-Mel,1699,5-191497-A-33.wav,5,33,door_wood_creaks,33,door_wood_creaks,True
Log-Mel,1700,5-192191-A-19.wav,5,19,thunderstorm,19,thunderstorm,True
Log-Mel,1701,5-193339-A-10.wav,5,10,rain,10,rain,True
Log-Mel,1702,5-193473-A-12.wav,5,12,crackling_fire,27,brushing_teeth,False
Log-Mel,1703,5-193473-B-12.wav,5,12,crackling_fire,13,crickets,False
Log-Mel,1704,5-194533-A-21.wav,5,21,sneezing,15,water_drops,False
Log-Mel,1705,5-194892-A-10.wav,5,10,rain,40,helicopter,False
Log-Mel,1706,5-194899-A-3.wav,5,3,cow,24,coughing,False
Log-Mel,1707,5-194899-B-3.wav,5,3,cow,3,cow,True
Log-Mel,1708,5-194899-C-3.wav,5,3,cow,3,cow,True
Log-Mel,1709,5-194899-D-3.wav,5,3,cow,3,cow,True
Log-Mel,1710,5-194930-A-1.wav,5,1,rooster,0,dog,False
Log-Mel,1711,5-194930-B-1.wav,5,1,rooster,1,rooster,True
Log-Mel,1712,5-194932-A-7.wav,5,7,insects,7,insects,True
Log-Mel,1713,5-195517-A-7.wav,5,7,insects,7,insects,True
Log-Mel,1714,5-195518-A-7.wav,5,7,insects,7,insects,True
Log-Mel,1715,5-195557-A-19.wav,5,19,thunderstorm,19,thunderstorm,True
Log-Mel,1716,5-195710-A-10.wav,5,10,rain,10,rain,True
Log-Mel,1717,5-197118-A-45.wav,5,45,train,2,pig,False
Log-Mel,1718,5-197121-A-45.wav,5,45,train,36,vacuum_cleaner,False
Log-Mel,1719,5-197121-B-45.wav,5,45,train,2,pig,False
Log-Mel,1720,5-197446-A-7.wav,5,7,insects,7,insects,True
Log-Mel,1721,5-197913-A-18.wav,5,18,toilet_flush,49,hand_saw,False
Log-Mel,1722,5-197988-A-46.wav,5,46,church_bells,4,frog,False
Log-Mel,1723,5-198278-A-7.wav,5,7,insects,36,vacuum_cleaner,False
Log-Mel,1724,5-198278-B-7.wav,5,7,insects,7,insects,True
Log-Mel,1725,5-198278-C-7.wav,5,7,insects,36,vacuum_cleaner,False
Log-Mel,1726,5-198321-A-10.wav,5,10,rain,10,rain,True
Log-Mel,1727,5-198373-A-46.wav,5,46,church_bells,40,helicopter,False
Log-Mel,1728,5-198411-A-20.wav,5,20,crying_baby,20,crying_baby,True
Log-Mel,1729,5-198411-B-20.wav,5,20,crying_baby,20,crying_baby,True
Log-Mel,1730,5-198411-C-20.wav,5,20,crying_baby,6,hen,False
Log-Mel,1731,5-198411-D-20.wav,5,20,crying_baby,49,hand_saw,False
Log-Mel,1732,5-198411-E-20.wav,5,20,crying_baby,17,pouring_water,False
Log-Mel,1733,5-198411-F-20.wav,5,20,crying_baby,17,pouring_water,False
Log-Mel,1734,5-198411-G-20.wav,5,20,crying_baby,20,crying_baby,True
Log-Mel,1735,5-198600-A-45.wav,5,45,train,45,train,True
Log-Mel,1736,5-198891-A-8.wav,5,8,sheep,6,hen,False
Log-Mel,1737,5-198891-B-8.wav,5,8,sheep,5,cat,False
Log-Mel,1738,5-198891-C-8.wav,5,8,sheep,6,hen,False
Log-Mel,1739,5-198891-D-8.wav,5,8,sheep,17,pouring_water,False
Log-Mel,1740,5-199284-A-45.wav,5,45,train,16,wind,False
Log-Mel,1741,5-199284-B-45.wav,5,45,train,16,wind,False
Log-Mel,1742,5-200329-A-8.wav,5,8,sheep,8,sheep,True
Log-Mel,1743,5-200329-B-8.wav,5,8,sheep,4,frog,False
Log-Mel,1744,5-200329-C-8.wav,5,8,sheep,8,sheep,True
Log-Mel,1745,5-200334-A-1.wav,5,1,rooster,1,rooster,True
Log-Mel,1746,5-200334-B-1.wav,5,1,rooster,1,rooster,True
Log-Mel,1747,5-200339-A-1.wav,5,1,rooster,1,rooster,True
Log-Mel,1748,5-200461-A-11.wav,5,11,sea_waves,11,sea_waves,True
Log-Mel,1749,5-200461-B-11.wav,5,11,sea_waves,11,sea_waves,True
Log-Mel,1750,5-201170-A-46.wav,5,46,church_bells,46,church_bells,True
Log-Mel,1751,5-201172-A-46.wav,5,46,church_bells,45,train,False
Log-Mel,1752,5-201194-A-38.wav,5,38,clock_tick,33,door_wood_creaks,False
Log-Mel,1753,5-201274-A-21.wav,5,21,sneezing,21,sneezing,True
Log-Mel,1754,5-201664-A-18.wav,5,18,toilet_flush,18,toilet_flush,True
Log-Mel,1755,5-202020-A-18.wav,5,18,toilet_flush,18,toilet_flush,True
Log-Mel,1756,5-202220-A-21.wav,5,21,sneezing,26,laughing,False
Log-Mel,1757,5-202540-A-18.wav,5,18,toilet_flush,18,toilet_flush,True
Log-Mel,1758,5-202795-A-3.wav,5,3,cow,3,cow,True
Log-Mel,1759,5-202898-A-10.wav,5,10,rain,37,clock_alarm,False
Log-Mel,1760,5-203128-A-0.wav,5,0,dog,0,dog,True
Log-Mel,1761,5-203128-B-0.wav,5,0,dog,0,dog,True
Log-Mel,1762,5-203739-A-10.wav,5,10,rain,10,rain,True
Log-Mel,1763,5-204114-A-29.wav,5,29,drinking_sipping,32,keyboard_typing,False
Log-Mel,1764,5-204352-A-13.wav,5,13,crickets,13,crickets,True
Log-Mel,1765,5-204352-B-13.wav,5,13,crickets,13,crickets,True
Log-Mel,1766,5-204604-A-24.wav,5,24,coughing,21,sneezing,False
Log-Mel,1767,5-204741-A-46.wav,5,46,church_bells,38,clock_tick,False
Log-Mel,1768,5-205090-A-32.wav,5,32,keyboard_typing,25,footsteps,False
Log-Mel,1769,5-205589-A-17.wav,5,17,pouring_water,17,pouring_water,True
Log-Mel,1770,5-205589-B-17.wav,5,17,pouring_water,17,pouring_water,True
Log-Mel,1771,5-205898-A-40.wav,5,40,helicopter,35,washing_machine,False
Log-Mel,1772,5-207681-A-24.wav,5,24,coughing,39,glass_breaking,False
Log-Mel,1773,5-207781-A-17.wav,5,17,pouring_water,27,brushing_teeth,False
Log-Mel,1774,5-207811-A-35.wav,5,35,washing_machine,35,washing_machine,True
Log-Mel,1775,5-207811-B-35.wav,5,35,washing_machine,35,washing_machine,True
Log-Mel,1776,5-207836-A-29.wav,5,29,drinking_sipping,32,keyboard_typing,False
Log-Mel,1777,5-207836-B-29.wav,5,29,drinking_sipping,32,keyboard_typing,False
Log-Mel,1778,5-207836-C-29.wav,5,29,drinking_sipping,15,water_drops,False
Log-Mel,1779,5-207836-D-29.wav,5,29,drinking_sipping,29,drinking_sipping,True
Log-Mel,1780,5-208030-A-0.wav,5,0,dog,23,breathing,False
Log-Mel,1781,5-208624-A-38.wav,5,38,clock_tick,33,door_wood_creaks,False
Log-Mel,1782,5-208761-A-24.wav,5,24,coughing,31,mouse_click,False
Log-Mel,1783,5-208810-A-11.wav,5,11,sea_waves,11,sea_waves,True
Log-Mel,1784,5-208810-B-11.wav,5,11,sea_waves,10,rain,False
Log-Mel,1785,5-209698-A-38.wav,5,38,clock_tick,49,hand_saw,False
Log-Mel,1786,5-209719-A-24.wav,5,24,coughing,21,sneezing,False
Log-Mel,1787,5-209833-A-38.wav,5,38,clock_tick,23,breathing,False
Log-Mel,1788,5-209989-A-22.wav,5,22,clapping,49,hand_saw,False
Log-Mel,1789,5-209992-A-44.wav,5,44,engine,44,engine,True
Log-Mel,1790,5-209992-B-44.wav,5,44,engine,44,engine,True
Log-Mel,1791,5-210540-A-13.wav,5,13,crickets,13,crickets,True
Log-Mel,1792,5-210571-A-38.wav,5,38,clock_tick,24,coughing,False
Log-Mel,1793,5-210612-A-37.wav,5,37,clock_alarm,37,clock_alarm,True
Log-Mel,1794,5-211197-A-24.wav,5,24,coughing,24,coughing,True
Log-Mel,1795,5-211408-A-37.wav,5,37,clock_alarm,13,crickets,False
Log-Mel,1796,5-212050-A-27.wav,5,27,brushing_teeth,27,brushing_teeth,True
Log-Mel,1797,5-212054-A-36.wav,5,36,vacuum_cleaner,22,clapping,False
Log-Mel,1798,5-212059-A-36.wav,5,36,vacuum_cleaner,27,brushing_teeth,False
Log-Mel,1799,5-212181-A-38.wav,5,38,clock_tick,1,rooster,False
Log-Mel,1800,5-212454-A-0.wav,5,0,dog,0,dog,True
Log-Mel,1801,5-212730-A-17.wav,5,17,pouring_water,17,pouring_water,True
Log-Mel,1802,5-212734-A-17.wav,5,17,pouring_water,17,pouring_water,True
Log-Mel,1803,5-212736-A-17.wav,5,17,pouring_water,20,crying_baby,False
Log-Mel,1804,5-213077-A-11.wav,5,11,sea_waves,45,train,False
Log-Mel,1805,5-213293-A-23.wav,5,23,breathing,23,breathing,True
Log-Mel,1806,5-213802-A-12.wav,5,12,crackling_fire,12,crackling_fire,True
Log-Mel,1807,5-213836-A-9.wav,5,9,crow,9,crow,True
Log-Mel,1808,5-213836-B-9.wav,5,9,crow,9,crow,True
Log-Mel,1809,5-213836-C-9.wav,5,9,crow,9,crow,True
Log-Mel,1810,5-213836-D-9.wav,5,9,crow,4,frog,False
Log-Mel,1811,5-213855-A-0.wav,5,0,dog,0,dog,True
Log-Mel,1812,5-214362-A-17.wav,5,17,pouring_water,18,toilet_flush,False
Log-Mel,1813,5-214759-A-5.wav,5,5,cat,5,cat,True
Log-Mel,1814,5-214759-B-5.wav,5,5,cat,5,cat,True
Log-Mel,1815,5-214869-A-9.wav,5,9,crow,9,crow,True
Log-Mel,1816,5-215005-A-32.wav,5,32,keyboard_typing,32,keyboard_typing,True
Log-Mel,1817,5-215172-A-13.wav,5,13,crickets,13,crickets,True
Log-Mel,1818,5-215179-A-13.wav,5,13,crickets,44,engine,False
Log-Mel,1819,5-215445-A-47.wav,5,47,airplane,47,airplane,True
Log-Mel,1820,5-215447-A-47.wav,5,47,airplane,47,airplane,True
Log-Mel,1821,5-215449-A-47.wav,5,47,airplane,47,airplane,True
Log-Mel,1822,5-215634-A-17.wav,5,17,pouring_water,17,pouring_water,True
Log-Mel,1823,5-215658-A-12.wav,5,12,crackling_fire,16,wind,False
Log-Mel,1824,5-215658-B-12.wav,5,12,crackling_fire,44,engine,False
Log-Mel,1825,5-216131-A-32.wav,5,32,keyboard_typing,32,keyboard_typing,True
Log-Mel,1826,5-216213-A-13.wav,5,13,crickets,14,chirping_birds,False
Log-Mel,1827,5-216214-A-13.wav,5,13,crickets,13,crickets,True
Log-Mel,1828,5-216216-A-13.wav,5,13,crickets,13,crickets,True
Log-Mel,1829,5-216368-A-28.wav,5,28,snoring,2,pig,False
Log-Mel,1830,5-216370-A-41.wav,5,41,chainsaw,41,chainsaw,True
Log-Mel,1831,5-216370-B-41.wav,5,41,chainsaw,10,rain,False
Log-Mel,1832,5-217158-A-0.wav,5,0,dog,42,siren,False
Log-Mel,1833,5-217186-A-16.wav,5,16,wind,16,wind,True
Log-Mel,1834,5-217186-B-16.wav,5,16,wind,16,wind,True
Log-Mel,1835,5-217186-C-16.wav,5,16,wind,16,wind,True
Log-Mel,1836,5-218196-A-27.wav,5,27,brushing_teeth,27,brushing_teeth,True
Log-Mel,1837,5-218196-B-27.wav,5,27,brushing_teeth,27,brushing_teeth,True
Log-Mel,1838,5-218494-A-22.wav,5,22,clapping,23,breathing,False
Log-Mel,1839,5-218980-A-30.wav,5,30,door_wood_knock,30,door_wood_knock,True
Log-Mel,1840,5-218981-A-30.wav,5,30,door_wood_knock,30,door_wood_knock,True
Log-Mel,1841,5-219044-A-46.wav,5,46,church_bells,46,church_bells,True
Log-Mel,1842,5-219242-A-37.wav,5,37,clock_alarm,37,clock_alarm,True
Log-Mel,1843,5-219242-B-37.wav,5,37,clock_alarm,37,clock_alarm,True
Log-Mel,1844,5-219318-A-31.wav,5,31,mouse_click,28,snoring,False
Log-Mel,1845,5-219342-A-38.wav,5,38,clock_tick,0,dog,False
Log-Mel,1846,5-219379-A-11.wav,5,11,sea_waves,11,sea_waves,True
Log-Mel,1847,5-219379-B-11.wav,5,11,sea_waves,11,sea_waves,True
Log-Mel,1848,5-219379-C-11.wav,5,11,sea_waves,11,sea_waves,True
Log-Mel,1849,5-220026-A-21.wav,5,21,sneezing,21,sneezing,True
Log-Mel,1850,5-220027-A-21.wav,5,21,sneezing,21,sneezing,True
Log-Mel,1851,5-220939-A-27.wav,5,27,brushing_teeth,37,clock_alarm,False
Log-Mel,1852,5-220955-A-40.wav,5,40,helicopter,16,wind,False
Log-Mel,1853,5-221518-A-21.wav,5,21,sneezing,5,cat,False
Log-Mel,1854,5-221528-A-39.wav,5,39,glass_breaking,39,glass_breaking,True
Log-Mel,1855,5-221529-A-39.wav,5,39,glass_breaking,39,glass_breaking,True
Log-Mel,1856,5-221567-A-22.wav,5,22,clapping,41,chainsaw,False
Log-Mel,1857,5-221568-A-22.wav,5,22,clapping,41,chainsaw,False
Log-Mel,1858,5-221593-A-21.wav,5,21,sneezing,21,sneezing,True
Log-Mel,1859,5-221878-A-34.wav,5,34,can_opening,34,can_opening,True
Log-Mel,1860,5-221950-A-22.wav,5,22,clapping,5,cat,False
Log-Mel,1861,5-222041-A-9.wav,5,9,crow,11,sea_waves,False
Log-Mel,1862,5-222524-A-41.wav,5,41,chainsaw,8,sheep,False
Log-Mel,1863,5-222894-A-32.wav,5,32,keyboard_typing,32,keyboard_typing,True
Log-Mel,1864,5-223099-A-32.wav,5,32,keyboard_typing,32,keyboard_typing,True
Log-Mel,1865,5-223099-B-32.wav,5,32,keyboard_typing,32,keyboard_typing,True
Log-Mel,1866,5-223103-A-31.wav,5,31,mouse_click,30,door_wood_knock,False
Log-Mel,1867,5-223176-A-37.wav,5,37,clock_alarm,37,clock_alarm,True
Log-Mel,1868,5-223317-A-31.wav,5,31,mouse_click,32,keyboard_typing,False
Log-Mel,1869,5-223810-A-35.wav,5,35,washing_machine,44,engine,False
Log-Mel,1870,5-231551-A-36.wav,5,36,vacuum_cleaner,49,hand_saw,False
Log-Mel,1871,5-231762-A-0.wav,5,0,dog,0,dog,True
Log-Mel,1872,5-232272-A-44.wav,5,44,engine,35,washing_machine,False
Log-Mel,1873,5-232802-A-31.wav,5,31,mouse_click,31,mouse_click,True
Log-Mel,1874,5-232816-A-23.wav,5,23,breathing,25,footsteps,False
Log-Mel,1875,5-233019-A-31.wav,5,31,mouse_click,45,train,False
Log-Mel,1876,5-233160-A-1.wav,5,1,rooster,1,rooster,True
Log-Mel,1877,5-233260-A-23.wav,5,23,breathing,16,wind,False
Log-Mel,1878,5-233312-A-28.wav,5,28,snoring,28,snoring,True
Log-Mel,1879,5-233605-A-39.wav,5,39,glass_breaking,39,glass_breaking,True
Log-Mel,1880,5-233607-A-39.wav,5,39,glass_breaking,39,glass_breaking,True
Log-Mel,1881,5-233645-A-37.wav,5,37,clock_alarm,39,glass_breaking,False
Log-Mel,1882,5-233787-A-7.wav,5,7,insects,25,footsteps,False
Log-Mel,1883,5-234145-A-28.wav,5,28,snoring,28,snoring,True
Log-Mel,1884,5-234247-A-37.wav,5,37,clock_alarm,22,clapping,False
Log-Mel,1885,5-234263-A-25.wav,5,25,footsteps,29,drinking_sipping,False
Log-Mel,1886,5-234335-A-23.wav,5,23,breathing,33,door_wood_creaks,False
Log-Mel,1887,5-234855-A-25.wav,5,25,footsteps,15,water_drops,False
Log-Mel,1888,5-234879-A-1.wav,5,1,rooster,1,rooster,True
Log-Mel,1889,5-234879-B-1.wav,5,1,rooster,1,rooster,True
Log-Mel,1890,5-234923-A-32.wav,5,32,keyboard_typing,27,brushing_teeth,False
Log-Mel,1891,5-235507-A-44.wav,5,44,engine,36,vacuum_cleaner,False
Log-Mel,1892,5-235593-A-23.wav,5,23,breathing,32,keyboard_typing,False
Log-Mel,1893,5-235644-A-30.wav,5,30,door_wood_knock,30,door_wood_knock,True
Log-Mel,1894,5-235671-A-38.wav,5,38,clock_tick,25,footsteps,False
Log-Mel,1895,5-235874-A-28.wav,5,28,snoring,28,snoring,True
Log-Mel,1896,5-235893-A-28.wav,5,28,snoring,28,snoring,True
Log-Mel,1897,5-235956-A-47.wav,5,47,airplane,47,airplane,True
Log-Mel,1898,5-236288-A-28.wav,5,28,snoring,28,snoring,True
Log-Mel,1899,5-236299-A-34.wav,5,34,can_opening,34,can_opening,True
Log-Mel,1900,5-237315-A-31.wav,5,31,mouse_click,31,mouse_click,True
Log-Mel,1901,5-237499-A-4.wav,5,4,frog,4,frog,True
Log-Mel,1902,5-237795-A-34.wav,5,34,can_opening,34,can_opening,True
Log-Mel,1903,5-238021-A-35.wav,5,35,washing_machine,13,crickets,False
Log-Mel,1904,5-238492-A-23.wav,5,23,breathing,31,mouse_click,False
Log-Mel,1905,5-238926-A-31.wav,5,31,mouse_click,43,car_horn,False
Log-Mel,1906,5-238938-A-27.wav,5,27,brushing_teeth,36,vacuum_cleaner,False
Log-Mel,1907,5-240671-A-44.wav,5,44,engine,16,wind,False
Log-Mel,1908,5-241846-A-15.wav,5,15,water_drops,34,can_opening,False
Log-Mel,1909,5-242490-A-14.wav,5,14,chirping_birds,14,chirping_birds,True
Log-Mel,1910,5-242491-A-14.wav,5,14,chirping_birds,14,chirping_birds,True
Log-Mel,1911,5-242492-A-3.wav,5,3,cow,3,cow,True
Log-Mel,1912,5-242711-A-9.wav,5,9,crow,9,crow,True
Log-Mel,1913,5-242932-A-26.wav,5,26,laughing,7,insects,False
Log-Mel,1914,5-242932-B-26.wav,5,26,laughing,7,insects,False
Log-Mel,1915,5-243025-A-25.wav,5,25,footsteps,32,keyboard_typing,False
Log-Mel,1916,5-243036-A-29.wav,5,29,drinking_sipping,26,laughing,False
Log-Mel,1917,5-243448-A-14.wav,5,14,chirping_birds,17,pouring_water,False
Log-Mel,1918,5-243449-A-14.wav,5,14,chirping_birds,13,crickets,False
Log-Mel,1919,5-243450-A-14.wav,5,14,chirping_birds,13,crickets,False
Log-Mel,1920,5-243459-A-14.wav,5,14,chirping_birds,14,chirping_birds,True
Log-Mel,1921,5-243459-B-14.wav,5,14,chirping_birds,14,chirping_birds,True
Log-Mel,1922,5-243635-A-29.wav,5,29,drinking_sipping,30,door_wood_knock,False
Log-Mel,1923,5-243773-A-44.wav,5,44,engine,16,wind,False
Log-Mel,1924,5-243773-B-44.wav,5,44,engine,16,wind,False
Log-Mel,1925,5-243783-A-44.wav,5,44,engine,16,wind,False
Log-Mel,1926,5-244178-A-32.wav,5,32,keyboard_typing,32,keyboard_typing,True
Log-Mel,1927,5-244310-A-25.wav,5,25,footsteps,12,crackling_fire,False
Log-Mel,1928,5-244315-A-6.wav,5,6,hen,6,hen,True
Log-Mel,1929,5-244315-B-6.wav,5,6,hen,7,insects,False
Log-Mel,1930,5-244315-C-6.wav,5,6,hen,7,insects,False
Log-Mel,1931,5-244327-A-34.wav,5,34,can_opening,39,glass_breaking,False
Log-Mel,1932,5-244459-A-28.wav,5,28,snoring,28,snoring,True
Log-Mel,1933,5-244526-A-26.wav,5,26,laughing,32,keyboard_typing,False
Log-Mel,1934,5-244651-A-31.wav,5,31,mouse_click,15,water_drops,False
Log-Mel,1935,5-244933-A-34.wav,5,34,can_opening,15,water_drops,False
Log-Mel,1936,5-245040-A-35.wav,5,35,washing_machine,7,insects,False
Log-Mel,1937,5-248341-A-6.wav,5,6,hen,26,laughing,False
Log-Mel,1938,5-248341-B-6.wav,5,6,hen,0,dog,False
Log-Mel,1939,5-248341-C-6.wav,5,6,hen,0,dog,False
Log-Mel,1940,5-249748-A-28.wav,5,28,snoring,28,snoring,True
Log-Mel,1941,5-249937-A-22.wav,5,22,clapping,22,clapping,True
Log-Mel,1942,5-250026-A-30.wav,5,30,door_wood_knock,30,door_wood_knock,True
Log-Mel,1943,5-250026-B-30.wav,5,30,door_wood_knock,48,fireworks,False
Log-Mel,1944,5-250258-A-49.wav,5,49,hand_saw,33,door_wood_creaks,False
Log-Mel,1945,5-250629-A-37.wav,5,37,clock_alarm,37,clock_alarm,True
Log-Mel,1946,5-250753-A-34.wav,5,34,can_opening,31,mouse_click,False
Log-Mel,1947,5-251426-A-30.wav,5,30,door_wood_knock,30,door_wood_knock,True
Log-Mel,1948,5-251426-B-30.wav,5,30,door_wood_knock,30,door_wood_knock,True
Log-Mel,1949,5-251489-A-24.wav,5,24,coughing,21,sneezing,False
Log-Mel,1950,5-251957-A-47.wav,5,47,airplane,47,airplane,True
Log-Mel,1951,5-251962-A-47.wav,5,47,airplane,47,airplane,True
Log-Mel,1952,5-251963-A-47.wav,5,47,airplane,47,airplane,True
Log-Mel,1953,5-251971-A-47.wav,5,47,airplane,47,airplane,True
Log-Mel,1954,5-252248-A-34.wav,5,34,can_opening,34,can_opening,True
Log-Mel,1955,5-253085-A-3.wav,5,3,cow,2,pig,False
Log-Mel,1956,5-253085-B-3.wav,5,3,cow,3,cow,True
Log-Mel,1957,5-253094-A-49.wav,5,49,hand_saw,49,hand_saw,True
Log-Mel,1958,5-253094-B-49.wav,5,49,hand_saw,2,pig,False
Log-Mel,1959,5-253094-C-49.wav,5,49,hand_saw,18,toilet_flush,False
Log-Mel,1960,5-253094-D-49.wav,5,49,hand_saw,23,breathing,False
Log-Mel,1961,5-253101-A-49.wav,5,49,hand_saw,41,chainsaw,False
Log-Mel,1962,5-253101-B-49.wav,5,49,hand_saw,49,hand_saw,True
Log-Mel,1963,5-253101-C-49.wav,5,49,hand_saw,41,chainsaw,False
Log-Mel,1964,5-253534-A-26.wav,5,26,laughing,26,laughing,True
Log-Mel,1965,5-254160-A-22.wav,5,22,clapping,22,clapping,True
Log-Mel,1966,5-254832-A-15.wav,5,15,water_drops,32,keyboard_typing,False
Log-Mel,1967,5-254832-B-15.wav,5,15,water_drops,15,water_drops,True
Log-Mel,1968,5-256452-A-5.wav,5,5,cat,5,cat,True
Log-Mel,1969,5-256512-A-30.wav,5,30,door_wood_knock,30,door_wood_knock,True
Log-Mel,1970,5-257349-A-15.wav,5,15,water_drops,37,clock_alarm,False
Log-Mel,1971,5-257642-A-39.wav,5,39,glass_breaking,39,glass_breaking,True
Log-Mel,1972,5-257839-A-14.wav,5,14,chirping_birds,14,chirping_birds,True
Log-Mel,1973,5-259169-A-5.wav,5,5,cat,21,sneezing,False
Log-Mel,1974,5-259180-A-15.wav,5,15,water_drops,25,footsteps,False
Log-Mel,1975,5-259514-A-26.wav,5,26,laughing,25,footsteps,False
Log-Mel,1976,5-259640-A-29.wav,5,29,drinking_sipping,21,sneezing,False
Log-Mel,1977,5-260011-A-34.wav,5,34,can_opening,34,can_opening,True
Log-Mel,1978,5-260164-A-23.wav,5,23,breathing,18,toilet_flush,False
Log-Mel,1979,5-260432-A-39.wav,5,39,glass_breaking,39,glass_breaking,True
Log-Mel,1980,5-260433-A-39.wav,5,39,glass_breaking,39,glass_breaking,True
Log-Mel,1981,5-260434-A-39.wav,5,39,glass_breaking,39,glass_breaking,True
Log-Mel,1982,5-260875-A-35.wav,5,35,washing_machine,16,wind,False
Log-Mel,1983,5-261325-A-9.wav,5,9,crow,9,crow,True
Log-Mel,1984,5-261433-A-15.wav,5,15,water_drops,30,door_wood_knock,False
Log-Mel,1985,5-261439-A-15.wav,5,15,water_drops,7,insects,False
Log-Mel,1986,5-261464-A-23.wav,5,23,breathing,2,pig,False
Log-Mel,1987,5-262641-A-15.wav,5,15,water_drops,7,insects,False
Log-Mel,1988,5-262957-A-22.wav,5,22,clapping,22,clapping,True
Log-Mel,1989,5-263490-A-25.wav,5,25,footsteps,45,train,False
Log-Mel,1990,5-263491-A-25.wav,5,25,footsteps,49,hand_saw,False
Log-Mel,1991,5-263501-A-25.wav,5,25,footsteps,23,breathing,False
Log-Mel,1992,5-263775-A-26.wav,5,26,laughing,48,fireworks,False
Log-Mel,1993,5-263775-B-26.wav,5,26,laughing,26,laughing,True
Log-Mel,1994,5-263831-A-6.wav,5,6,hen,46,church_bells,False
Log-Mel,1995,5-263831-B-6.wav,5,6,hen,0,dog,False
Log-Mel,1996,5-263902-A-36.wav,5,36,vacuum_cleaner,36,vacuum_cleaner,True
Log-Mel,1997,5-51149-A-25.wav,5,25,footsteps,26,laughing,False
Log-Mel,1998,5-61635-A-8.wav,5,8,sheep,8,sheep,True
Log-Mel,1999,5-9032-A-0.wav,5,0,dog,5,cat,False
MFCC,0,1-100032-A-0.wav,1,0,dog,30,door_wood_knock,False
MFCC,1,1-100038-A-14.wav,1,14,chirping_birds,26,laughing,False
MFCC,2,1-100210-A-36.wav,1,36,vacuum_cleaner,44,engine,False
MFCC,3,1-100210-B-36.wav,1,36,vacuum_cleaner,44,engine,False
MFCC,4,1-101296-A-19.wav,1,19,thunderstorm,16,wind,False
MFCC,5,1-101296-B-19.wav,1,19,thunderstorm,40,helicopter,False
MFCC,6,1-101336-A-30.wav,1,30,door_wood_knock,30,door_wood_knock,True
MFCC,7,1-101404-A-34.wav,1,34,can_opening,34,can_opening,True
MFCC,8,1-103298-A-9.wav,1,9,crow,9,crow,True
MFCC,9,1-103995-A-30.wav,1,30,door_wood_knock,30,door_wood_knock,True
MFCC,10,1-103999-A-30.wav,1,30,door_wood_knock,30,door_wood_knock,True
MFCC,11,1-104089-A-22.wav,1,22,clapping,22,clapping,True
MFCC,12,1-104089-B-22.wav,1,22,clapping,22,clapping,True
MFCC,13,1-105224-A-22.wav,1,22,clapping,22,clapping,True
MFCC,14,1-110389-A-0.wav,1,0,dog,30,door_wood_knock,False
MFCC,15,1-110537-A-22.wav,1,22,clapping,22,clapping,True
MFCC,16,1-115521-A-19.wav,1,19,thunderstorm,19,thunderstorm,True
MFCC,17,1-115545-A-48.wav,1,48,fireworks,48,fireworks,True
MFCC,18,1-115545-B-48.wav,1,48,fireworks,48,fireworks,True
MFCC,19,1-115545-C-48.wav,1,48,fireworks,48,fireworks,True
MFCC,20,1-115546-A-48.wav,1,48,fireworks,19,thunderstorm,False
MFCC,21,1-115920-A-22.wav,1,22,clapping,22,clapping,True
MFCC,22,1-115920-B-22.wav,1,22,clapping,22,clapping,True
MFCC,23,1-115921-A-22.wav,1,22,clapping,22,clapping,True
MFCC,24,1-116765-A-41.wav,1,41,chainsaw,41,chainsaw,True
MFCC,25,1-11687-A-47.wav,1,47,airplane,28,snoring,False
MFCC,26,1-118206-A-31.wav,1,31,mouse_click,32,keyboard_typing,False
MFCC,27,1-118559-A-17.wav,1,17,pouring_water,17,pouring_water,True
MFCC,28,1-119125-A-45.wav,1,45,train,40,helicopter,False
MFCC,29,1-121951-A-8.wav,1,8,sheep,32,keyboard_typing,False
MFCC,30,1-12653-A-15.wav,1,15,water_drops,31,mouse_click,False
MFCC,31,1-12654-A-15.wav,1,15,water_drops,7,insects,False
MFCC,32,1-12654-B-15.wav,1,15,water_drops,25,footsteps,False
MFCC,33,1-13571-A-46.wav,1,46,church_bells,37,clock_alarm,False
MFCC,34,1-13572-A-46.wav,1,46,church_bells,46,church_bells,True
MFCC,35,1-13613-A-37.wav,1,37,clock_alarm,37,clock_alarm,True
MFCC,36,1-137-A-32.wav,1,32,keyboard_typing,32,keyboard_typing,True
MFCC,37,1-137296-A-16.wav,1,16,wind,16,wind,True
MFCC,38,1-14262-A-37.wav,1,37,clock_alarm,37,clock_alarm,True
MFCC,39,1-155858-A-25.wav,1,25,footsteps,38,clock_tick,False
MFCC,40,1-155858-B-25.wav,1,25,footsteps,41,chainsaw,False
MFCC,41,1-155858-C-25.wav,1,25,footsteps,41,chainsaw,False
MFCC,42,1-155858-D-25.wav,1,25,footsteps,41,chainsaw,False
MFCC,43,1-155858-E-25.wav,1,25,footsteps,2,pig,False
MFCC,44,1-155858-F-25.wav,1,25,footsteps,13,crickets,False
MFCC,45,1-15689-A-4.wav,1,4,frog,4,frog,True
MFCC,46,1-15689-B-4.wav,1,4,frog,4,frog,True
MFCC,47,1-160563-A-48.wav,1,48,fireworks,48,fireworks,True
MFCC,48,1-160563-B-48.wav,1,48,fireworks,48,fireworks,True
MFCC,49,1-16568-A-3.wav,1,3,cow,24,coughing,False
MFCC,50,1-16746-A-15.wav,1,15,water_drops,21,sneezing,False
MFCC,51,1-17092-A-27.wav,1,27,brushing_teeth,27,brushing_teeth,True
MFCC,52,1-17092-B-27.wav,1,27,brushing_teeth,31,mouse_click,False
MFCC,53,1-17124-A-43.wav,1,43,car_horn,38,clock_tick,False
MFCC,54,1-17150-A-12.wav,1,12,crackling_fire,12,crackling_fire,True
MFCC,55,1-172649-A-40.wav,1,40,helicopter,41,chainsaw,False
MFCC,56,1-172649-B-40.wav,1,40,helicopter,41,chainsaw,False
MFCC,57,1-172649-C-40.wav,1,40,helicopter,12,crackling_fire,False
MFCC,58,1-172649-D-40.wav,1,40,helicopter,10,rain,False
MFCC,59,1-172649-E-40.wav,1,40,helicopter,10,rain,False
MFCC,60,1-172649-F-40.wav,1,40,helicopter,10,rain,False
MFCC,61,1-17295-A-29.wav,1,29,drinking_sipping,29,drinking_sipping,True
MFCC,62,1-17367-A-10.wav,1,10,rain,13,crickets,False
MFCC,63,1-17565-A-12.wav,1,12,crackling_fire,32,keyboard_typing,False
MFCC,64,1-17585-A-7.wav,1,7,insects,7,insects,True
MFCC,65,1-17742-A-12.wav,1,12,crackling_fire,12,crackling_fire,True
MFCC,66,1-17808-A-12.wav,1,12,crackling_fire,10,rain,False
MFCC,67,1-17808-B-12.wav,1,12,crackling_fire,10,rain,False
MFCC,68,1-1791-A-26.wav,1,26,laughing,29,drinking_sipping,False
MFCC,69,1-17970-A-4.wav,1,4,frog,4,frog,True
MFCC,70,1-18074-A-6.wav,1,6,hen,0,dog,False
MFCC,71,1-18074-B-6.wav,1,6,hen,21,sneezing,False
MFCC,72,1-181071-A-40.wav,1,40,helicopter,45,train,False
MFCC,73,1-181071-B-40.wav,1,40,helicopter,45,train,False
MFCC,74,1-18527-A-44.wav,1,44,engine,16,wind,False
MFCC,75,1-18527-B-44.wav,1,44,engine,16,wind,False
MFCC,76,1-18631-A-23.wav,1,23,breathing,19,thunderstorm,False
MFCC,77,1-18655-A-31.wav,1,31,mouse_click,21,sneezing,False
MFCC,78,1-187207-A-20.wav,1,20,crying_baby,20,crying_baby,True
MFCC,79,1-18755-A-4.wav,1,4,frog,4,frog,True
MFCC,80,1-18755-B-4.wav,1,4,frog,26,laughing,False
MFCC,81,1-18757-A-4.wav,1,4,frog,4,frog,True
MFCC,82,1-18810-A-49.wav,1,49,hand_saw,32,keyboard_typing,False
MFCC,83,1-19026-A-43.wav,1,43,car_horn,43,car_horn,True
MFCC,84,1-19111-A-24.wav,1,24,coughing,24,coughing,True
MFCC,85,1-19118-A-24.wav,1,24,coughing,29,drinking_sipping,False
MFCC,86,1-19501-A-7.wav,1,7,insects,24,coughing,False
MFCC,87,1-196660-A-8.wav,1,8,sheep,8,sheep,True
MFCC,88,1-196660-B-8.wav,1,8,sheep,8,sheep,True
MFCC,89,1-19840-A-36.wav,1,36,vacuum_cleaner,36,vacuum_cleaner,True
MFCC,90,1-19872-A-36.wav,1,36,vacuum_cleaner,44,engine,False
MFCC,91,1-19872-B-36.wav,1,36,vacuum_cleaner,44,engine,False
MFCC,92,1-19898-A-41.wav,1,41,chainsaw,18,toilet_flush,False
MFCC,93,1-19898-B-41.wav,1,41,chainsaw,10,rain,False
MFCC,94,1-19898-C-41.wav,1,41,chainsaw,10,rain,False
MFCC,95,1-20133-A-39.wav,1,39,glass_breaking,31,mouse_click,False
MFCC,96,1-202111-A-3.wav,1,3,cow,7,insects,False
MFCC,97,1-20545-A-28.wav,1,28,snoring,28,snoring,True
MFCC,98,1-20736-A-18.wav,1,18,toilet_flush,18,toilet_flush,True
MFCC,99,1-208757-A-2.wav,1,2,pig,2,pig,True
MFCC,100,1-208757-B-2.wav,1,2,pig,2,pig,True
MFCC,101,1-208757-C-2.wav,1,2,pig,2,pig,True
MFCC,102,1-208757-D-2.wav,1,2,pig,2,pig,True
MFCC,103,1-208757-E-2.wav,1,2,pig,2,pig,True
MFCC,104,1-211527-A-20.wav,1,20,crying_baby,20,crying_baby,True
MFCC,105,1-211527-B-20.wav,1,20,crying_baby,26,laughing,False
MFCC,106,1-211527-C-20.wav,1,20,crying_baby,37,clock_alarm,False
MFCC,107,1-21189-A-10.wav,1,10,rain,14,chirping_birds,False
MFCC,108,1-21421-A-46.wav,1,46,church_bells,46,church_bells,True
MFCC,109,1-21896-A-35.wav,1,35,washing_machine,13,crickets,False
MFCC,110,1-21934-A-38.wav,1,38,clock_tick,38,clock_tick,True
MFCC,111,1-21935-A-38.wav,1,38,clock_tick,49,hand_saw,False
MFCC,112,1-223162-A-25.wav,1,25,footsteps,15,water_drops,False
MFCC,113,1-22694-A-20.wav,1,20,crying_baby,20,crying_baby,True
MFCC,114,1-22694-B-20.wav,1,20,crying_baby,26,laughing,False
MFCC,115,1-22804-A-46.wav,1,46,church_bells,42,siren,False
MFCC,116,1-22882-A-44.wav,1,44,engine,10,rain,False
MFCC,117,1-23094-A-15.wav,1,15,water_drops,0,dog,False
MFCC,118,1-23094-B-15.wav,1,15,water_drops,14,chirping_birds,False
MFCC,119,1-23222-A-19.wav,1,19,thunderstorm,19,thunderstorm,True
MFCC,120,1-23222-B-19.wav,1,19,thunderstorm,19,thunderstorm,True
MFCC,121,1-23706-A-49.wav,1,49,hand_saw,25,footsteps,False
MFCC,122,1-23996-A-35.wav,1,35,washing_machine,11,sea_waves,False
MFCC,123,1-23996-B-35.wav,1,35,washing_machine,35,washing_machine,True
MFCC,124,1-24074-A-43.wav,1,43,car_horn,43,car_horn,True
MFCC,125,1-24076-A-43.wav,1,43,car_horn,43,car_horn,True
MFCC,126,1-24524-A-19.wav,1,19,thunderstorm,19,thunderstorm,True
MFCC,127,1-24524-B-19.wav,1,19,thunderstorm,19,thunderstorm,True
MFCC,128,1-24524-C-19.wav,1,19,thunderstorm,48,fireworks,False
MFCC,129,1-24796-A-47.wav,1,47,airplane,47,airplane,True
MFCC,130,1-254507-A-43.wav,1,43,car_horn,38,clock_tick,False
MFCC,131,1-25777-A-48.wav,1,48,fireworks,48,fireworks,True
MFCC,132,1-25781-A-48.wav,1,48,fireworks,26,laughing,False
MFCC,133,1-260640-A-2.wav,1,2,pig,14,chirping_birds,False
MFCC,134,1-260640-B-2.wav,1,2,pig,2,pig,True
MFCC,135,1-260640-C-2.wav,1,2,pig,26,laughing,False
MFCC,136,1-26143-A-21.wav,1,21,sneezing,24,coughing,False
MFCC,137,1-26176-A-43.wav,1,43,car_horn,39,glass_breaking,False
MFCC,138,1-26177-A-43.wav,1,43,car_horn,33,door_wood_creaks,False
MFCC,139,1-26188-A-30.wav,1,30,door_wood_knock,30,door_wood_knock,True
MFCC,140,1-26222-A-10.wav,1,10,rain,10,rain,True
MFCC,141,1-26806-A-1.wav,1,1,rooster,42,siren,False
MFCC,142,1-27165-A-35.wav,1,35,washing_machine,35,washing_machine,True
MFCC,143,1-27166-A-35.wav,1,35,washing_machine,41,chainsaw,False
MFCC,144,1-27403-A-28.wav,1,28,snoring,28,snoring,True
MFCC,145,1-27405-A-28.wav,1,28,snoring,7,insects,False
MFCC,146,1-27724-A-1.wav,1,1,rooster,31,mouse_click,False
MFCC,147,1-28005-A-18.wav,1,18,toilet_flush,18,toilet_flush,True
MFCC,148,1-28135-A-11.wav,1,11,sea_waves,11,sea_waves,True
MFCC,149,1-28135-B-11.wav,1,11,sea_waves,10,rain,False
MFCC,150,1-28808-A-43.wav,1,43,car_horn,43,car_horn,True
MFCC,151,1-29532-A-16.wav,1,16,wind,43,car_horn,False
MFCC,152,1-29561-A-10.wav,1,10,rain,10,rain,True
MFCC,153,1-29680-A-21.wav,1,21,sneezing,21,sneezing,True
MFCC,154,1-30039-A-26.wav,1,26,laughing,26,laughing,True
MFCC,155,1-30043-A-26.wav,1,26,laughing,26,laughing,True
MFCC,156,1-30214-A-18.wav,1,18,toilet_flush,18,toilet_flush,True
MFCC,157,1-30226-A-0.wav,1,0,dog,4,frog,False
MFCC,158,1-30344-A-0.wav,1,0,dog,0,dog,True
MFCC,159,1-30709-A-23.wav,1,23,breathing,4,frog,False
MFCC,160,1-30709-B-23.wav,1,23,breathing,28,snoring,False
MFCC,161,1-30709-C-23.wav,1,23,breathing,23,breathing,True
MFCC,162,1-30830-A-24.wav,1,24,coughing,24,coughing,True
MFCC,163,1-31251-A-6.wav,1,6,hen,3,cow,False
MFCC,164,1-31251-B-6.wav,1,6,hen,3,cow,False
MFCC,165,1-31482-A-42.wav,1,42,siren,5,cat,False
MFCC,166,1-31482-B-42.wav,1,42,siren,42,siren,True
MFCC,167,1-31748-A-21.wav,1,21,sneezing,21,sneezing,True
MFCC,168,1-31836-A-4.wav,1,4,frog,29,drinking_sipping,False
MFCC,169,1-31836-B-4.wav,1,4,frog,9,crow,False
MFCC,170,1-32318-A-0.wav,1,0,dog,26,laughing,False
MFCC,171,1-32373-A-35.wav,1,35,washing_machine,35,washing_machine,True
MFCC,172,1-32373-B-35.wav,1,35,washing_machine,35,washing_machine,True
MFCC,173,1-32579-A-29.wav,1,29,drinking_sipping,30,door_wood_knock,False
MFCC,174,1-33658-A-26.wav,1,26,laughing,26,laughing,True
MFCC,175,1-34094-A-5.wav,1,5,cat,20,crying_baby,False
MFCC,176,1-34094-B-5.wav,1,5,cat,20,crying_baby,False
MFCC,177,1-34119-A-1.wav,1,1,rooster,26,laughing,False
MFCC,178,1-34119-B-1.wav,1,1,rooster,42,siren,False
MFCC,179,1-34495-A-14.wav,1,14,chirping_birds,14,chirping_birds,True
MFCC,180,1-34497-A-14.wav,1,14,chirping_birds,14,chirping_birds,True
MFCC,181,1-34853-A-37.wav,1,37,clock_alarm,37,clock_alarm,True
MFCC,182,1-35687-A-38.wav,1,38,clock_tick,46,church_bells,False
MFCC,183,1-36164-A-26.wav,1,26,laughing,31,mouse_click,False
MFCC,184,1-36164-B-26.wav,1,26,laughing,26,laughing,True
MFCC,185,1-36393-A-23.wav,1,23,breathing,21,sneezing,False
MFCC,186,1-36397-A-23.wav,1,23,breathing,31,mouse_click,False
MFCC,187,1-36400-A-23.wav,1,23,breathing,39,glass_breaking,False
MFCC,188,1-36402-A-23.wav,1,23,breathing,24,coughing,False
MFCC,189,1-36929-A-47.wav,1,47,airplane,45,train,False
MFCC,190,1-37226-A-29.wav,1,29,drinking_sipping,21,sneezing,False
MFCC,191,1-38559-A-14.wav,1,14,chirping_birds,14,chirping_birds,True
MFCC,192,1-38560-A-14.wav,1,14,chirping_birds,14,chirping_birds,True
MFCC,193,1-39835-A-9.wav,1,9,crow,9,crow,True
MFCC,194,1-39835-B-9.wav,1,9,crow,9,crow,True
MFCC,195,1-39901-A-11.wav,1,11,sea_waves,11,sea_waves,True
MFCC,196,1-39901-B-11.wav,1,11,sea_waves,11,sea_waves,True
MFCC,197,1-39923-A-1.wav,1,1,rooster,1,rooster,True
MFCC,198,1-39937-A-28.wav,1,28,snoring,32,keyboard_typing,False
MFCC,199,1-40154-A-46.wav,1,46,church_bells,46,church_bells,True
MFCC,200,1-40621-A-28.wav,1,28,snoring,28,snoring,True
MFCC,201,1-40730-A-1.wav,1,1,rooster,1,rooster,True
MFCC,202,1-40967-A-28.wav,1,28,snoring,31,mouse_click,False
MFCC,203,1-41615-A-34.wav,1,34,can_opening,34,can_opening,True
MFCC,204,1-4211-A-12.wav,1,12,crackling_fire,28,snoring,False
MFCC,205,1-42139-A-38.wav,1,38,clock_tick,35,washing_machine,False
MFCC,206,1-43382-A-1.wav,1,1,rooster,1,rooster,True
MFCC,207,1-43760-A-11.wav,1,11,sea_waves,22,clapping,False
MFCC,208,1-43764-A-34.wav,1,34,can_opening,34,can_opening,True
MFCC,209,1-43807-A-47.wav,1,47,airplane,40,helicopter,False
MFCC,210,1-43807-B-47.wav,1,47,airplane,40,helicopter,False
MFCC,211,1-43807-C-47.wav,1,47,airplane,40,helicopter,False
MFCC,212,1-43807-D-47.wav,1,47,airplane,47,airplane,True
MFCC,213,1-44831-A-1.wav,1,1,rooster,5,cat,False
MFCC,214,1-45641-A-27.wav,1,27,brushing_teeth,27,brushing_teeth,True
MFCC,215,1-45645-A-31.wav,1,31,mouse_click,31,mouse_click,True
MFCC,216,1-46040-A-14.wav,1,14,chirping_birds,14,chirping_birds,True
MFCC,217,1-46272-A-12.wav,1,12,crackling_fire,12,crackling_fire,True
MFCC,218,1-46274-A-18.wav,1,18,toilet_flush,18,toilet_flush,True
MFCC,219,1-46353-A-49.wav,1,49,hand_saw,18,toilet_flush,False
MFCC,220,1-46744-A-36.wav,1,36,vacuum_cleaner,18,toilet_flush,False
MFCC,221,1-46938-A-7.wav,1,7,insects,43,car_horn,False
MFCC,222,1-46938-B-7.wav,1,7,insects,43,car_horn,False
MFCC,223,1-47250-A-41.wav,1,41,chainsaw,11,sea_waves,False
MFCC,224,1-47250-B-41.wav,1,41,chainsaw,41,chainsaw,True
MFCC,225,1-47273-A-21.wav,1,21,sneezing,17,pouring_water,False
MFCC,226,1-47274-A-21.wav,1,21,sneezing,21,sneezing,True
MFCC,227,1-47709-A-16.wav,1,16,wind,7,insects,False
MFCC,228,1-47714-A-16.wav,1,16,wind,15,water_drops,False
MFCC,229,1-47819-A-5.wav,1,5,cat,6,hen,False
MFCC,230,1-47819-B-5.wav,1,5,cat,6,hen,False
MFCC,231,1-47819-C-5.wav,1,5,cat,43,car_horn,False
MFCC,232,1-47923-A-28.wav,1,28,snoring,32,keyboard_typing,False
MFCC,233,1-48298-A-46.wav,1,46,church_bells,43,car_horn,False
MFCC,234,1-48413-A-38.wav,1,38,clock_tick,38,clock_tick,True
MFCC,235,1-49098-A-35.wav,1,35,washing_machine,48,fireworks,False
MFCC,236,1-49409-A-8.wav,1,8,sheep,14,chirping_birds,False
MFCC,237,1-49409-B-8.wav,1,8,sheep,7,insects,False
MFCC,238,1-50060-A-10.wav,1,10,rain,10,rain,True
MFCC,239,1-50454-A-44.wav,1,44,engine,43,car_horn,False
MFCC,240,1-50455-A-44.wav,1,44,engine,30,door_wood_knock,False
MFCC,241,1-50623-A-15.wav,1,15,water_drops,21,sneezing,False
MFCC,242,1-50625-A-17.wav,1,17,pouring_water,17,pouring_water,True
MFCC,243,1-50661-A-44.wav,1,44,engine,10,rain,False
MFCC,244,1-50688-A-17.wav,1,17,pouring_water,17,pouring_water,True
MFCC,245,1-51035-A-16.wav,1,16,wind,7,insects,False
MFCC,246,1-51036-A-16.wav,1,16,wind,7,insects,False
MFCC,247,1-51037-A-16.wav,1,16,wind,36,vacuum_cleaner,False
MFCC,248,1-51147-A-25.wav,1,25,footsteps,39,glass_breaking,False
MFCC,249,1-51170-A-18.wav,1,18,toilet_flush,18,toilet_flush,True
MFCC,250,1-51433-A-17.wav,1,17,pouring_water,17,pouring_water,True
MFCC,251,1-51436-A-17.wav,1,17,pouring_water,17,pouring_water,True
MFCC,252,1-51805-A-33.wav,1,33,door_wood_creaks,20,crying_baby,False
MFCC,253,1-51805-B-33.wav,1,33,door_wood_creaks,20,crying_baby,False
MFCC,254,1-51805-C-33.wav,1,33,door_wood_creaks,5,cat,False
MFCC,255,1-51805-D-33.wav,1,33,door_wood_creaks,33,door_wood_creaks,True
MFCC,256,1-51805-E-33.wav,1,33,door_wood_creaks,26,laughing,False
MFCC,257,1-51805-F-33.wav,1,33,door_wood_creaks,26,laughing,False
MFCC,258,1-51805-G-33.wav,1,33,door_wood_creaks,26,laughing,False
MFCC,259,1-51805-H-33.wav,1,33,door_wood_creaks,2,pig,False
MFCC,260,1-52266-A-24.wav,1,24,coughing,29,drinking_sipping,False
MFCC,261,1-52290-A-30.wav,1,30,door_wood_knock,29,drinking_sipping,False
MFCC,262,1-52323-A-24.wav,1,24,coughing,6,hen,False
MFCC,263,1-53444-A-28.wav,1,28,snoring,28,snoring,True
MFCC,264,1-53467-A-47.wav,1,47,airplane,47,airplane,True
MFCC,265,1-53501-A-32.wav,1,32,keyboard_typing,39,glass_breaking,False
MFCC,266,1-53663-A-24.wav,1,24,coughing,24,coughing,True
MFCC,267,1-53670-A-18.wav,1,18,toilet_flush,18,toilet_flush,True
MFCC,268,1-54065-A-45.wav,1,45,train,45,train,True
MFCC,269,1-54065-B-45.wav,1,45,train,45,train,True
MFCC,270,1-54084-A-42.wav,1,42,siren,37,clock_alarm,False
MFCC,271,1-54505-A-21.wav,1,21,sneezing,21,sneezing,True
MFCC,272,1-54747-A-46.wav,1,46,church_bells,45,train,False
MFCC,273,1-54752-A-18.wav,1,18,toilet_flush,32,keyboard_typing,False
MFCC,274,1-54918-A-14.wav,1,14,chirping_birds,20,crying_baby,False
MFCC,275,1-54918-B-14.wav,1,14,chirping_birds,20,crying_baby,False
MFCC,276,1-54958-A-10.wav,1,10,rain,10,rain,True
MFCC,277,1-56233-A-9.wav,1,9,crow,9,crow,True
MFCC,278,1-56234-A-9.wav,1,9,crow,9,crow,True
MFCC,279,1-56269-A-18.wav,1,18,toilet_flush,18,toilet_flush,True
MFCC,280,1-56270-A-29.wav,1,29,drinking_sipping,30,door_wood_knock,False
MFCC,281,1-56311-A-10.wav,1,10,rain,11,sea_waves,False
MFCC,282,1-56380-A-5.wav,1,5,cat,20,crying_baby,False
MFCC,283,1-56380-B-5.wav,1,5,cat,20,crying_baby,False
MFCC,284,1-56907-A-46.wav,1,46,church_bells,42,siren,False
MFCC,285,1-57163-A-38.wav,1,38,clock_tick,1,rooster,False
MFCC,286,1-57316-A-13.wav,1,13,crickets,13,crickets,True
MFCC,287,1-57318-A-13.wav,1,13,crickets,13,crickets,True
MFCC,288,1-57795-A-8.wav,1,8,sheep,3,cow,False
MFCC,289,1-58277-A-3.wav,1,3,cow,3,cow,True
MFCC,290,1-58792-A-24.wav,1,24,coughing,21,sneezing,False
MFCC,291,1-58846-A-34.wav,1,34,can_opening,34,can_opening,True
MFCC,292,1-58923-A-27.wav,1,27,brushing_teeth,27,brushing_teeth,True
MFCC,293,1-58923-B-27.wav,1,27,brushing_teeth,27,brushing_teeth,True
MFCC,294,1-59102-A-13.wav,1,13,crickets,13,crickets,True
MFCC,295,1-59324-A-21.wav,1,21,sneezing,21,sneezing,True
MFCC,296,1-59513-A-0.wav,1,0,dog,3,cow,False
MFCC,297,1-5996-A-6.wav,1,6,hen,5,cat,False
MFCC,298,1-60460-A-36.wav,1,36,vacuum_cleaner,36,vacuum_cleaner,True
MFCC,299,1-60676-A-34.wav,1,34,can_opening,24,coughing,False
MFCC,300,1-60997-A-20.wav,1,20,crying_baby,20,crying_baby,True
MFCC,301,1-60997-B-20.wav,1,20,crying_baby,20,crying_baby,True
MFCC,302,1-61212-A-32.wav,1,32,keyboard_typing,18,toilet_flush,False
MFCC,303,1-61221-A-17.wav,1,17,pouring_water,29,drinking_sipping,False
MFCC,304,1-61252-A-11.wav,1,11,sea_waves,11,sea_waves,True
MFCC,305,1-61261-A-44.wav,1,44,engine,10,rain,False
MFCC,306,1-61534-A-27.wav,1,27,brushing_teeth,9,crow,False
MFCC,307,1-62509-A-45.wav,1,45,train,45,train,True
MFCC,308,1-62565-A-44.wav,1,44,engine,40,helicopter,False
MFCC,309,1-62594-A-32.wav,1,32,keyboard_typing,32,keyboard_typing,True
MFCC,310,1-62849-A-38.wav,1,38,clock_tick,24,coughing,False
MFCC,311,1-62850-A-38.wav,1,38,clock_tick,42,siren,False
MFCC,312,1-63679-A-24.wav,1,24,coughing,26,laughing,False
MFCC,313,1-63871-A-10.wav,1,10,rain,44,engine,False
MFCC,314,1-64398-A-41.wav,1,41,chainsaw,49,hand_saw,False
MFCC,315,1-64398-B-41.wav,1,41,chainsaw,35,washing_machine,False
MFCC,316,1-64473-A-45.wav,1,45,train,10,rain,False
MFCC,317,1-65483-A-13.wav,1,13,crickets,7,insects,False
MFCC,318,1-67033-A-37.wav,1,37,clock_alarm,37,clock_alarm,True
MFCC,319,1-67152-A-17.wav,1,17,pouring_water,17,pouring_water,True
MFCC,320,1-67230-A-29.wav,1,29,drinking_sipping,1,rooster,False
MFCC,321,1-67432-A-27.wav,1,27,brushing_teeth,27,brushing_teeth,True
MFCC,322,1-68628-A-27.wav,1,27,brushing_teeth,31,mouse_click,False
MFCC,323,1-68670-A-34.wav,1,34,can_opening,34,can_opening,True
MFCC,324,1-68734-A-34.wav,1,34,can_opening,15,water_drops,False
MFCC,325,1-69165-A-34.wav,1,34,can_opening,34,can_opening,True
MFCC,326,1-69422-A-3.wav,1,3,cow,3,cow,True
MFCC,327,1-69641-A-3.wav,1,3,cow,22,clapping,False
MFCC,328,1-69760-A-16.wav,1,16,wind,44,engine,False
MFCC,329,1-70300-A-45.wav,1,45,train,47,airplane,False
MFCC,330,1-7057-A-12.wav,1,12,crackling_fire,12,crackling_fire,True
MFCC,331,1-71030-A-6.wav,1,6,hen,6,hen,True
MFCC,332,1-72195-A-37.wav,1,37,clock_alarm,5,cat,False
MFCC,333,1-72195-B-37.wav,1,37,clock_alarm,37,clock_alarm,True
MFCC,334,1-72229-A-6.wav,1,6,hen,6,hen,True
MFCC,335,1-72229-B-6.wav,1,6,hen,6,hen,True
MFCC,336,1-72695-A-26.wav,1,26,laughing,26,laughing,True
MFCC,337,1-73123-A-26.wav,1,26,laughing,26,laughing,True
MFCC,338,1-73585-A-7.wav,1,7,insects,7,insects,True
MFCC,339,1-74517-A-37.wav,1,37,clock_alarm,37,clock_alarm,True
MFCC,340,1-7456-A-13.wav,1,13,crickets,13,crickets,True
MFCC,341,1-75162-A-9.wav,1,9,crow,1,rooster,False
MFCC,342,1-75189-A-7.wav,1,7,insects,46,church_bells,False
MFCC,343,1-75190-A-8.wav,1,8,sheep,8,sheep,True
MFCC,344,1-76831-A-42.wav,1,42,siren,42,siren,True
MFCC,345,1-76831-B-42.wav,1,42,siren,17,pouring_water,False
MFCC,346,1-76831-C-42.wav,1,42,siren,17,pouring_water,False
MFCC,347,1-76831-D-42.wav,1,42,siren,42,siren,True
MFCC,348,1-76831-E-42.wav,1,42,siren,42,siren,True
MFCC,349,1-77160-A-3.wav,1,3,cow,47,airplane,False
MFCC,350,1-77241-A-3.wav,1,3,cow,3,cow,True
MFCC,351,1-79113-A-5.wav,1,5,cat,5,cat,True
MFCC,352,1-79146-A-29.wav,1,29,drinking_sipping,29,drinking_sipping,True
MFCC,353,1-79220-A-17.wav,1,17,pouring_water,27,brushing_teeth,False
MFCC,354,1-79236-A-36.wav,1,36,vacuum_cleaner,22,clapping,False
MFCC,355,1-79711-A-32.wav,1,32,keyboard_typing,27,brushing_teeth,False
MFCC,356,1-7973-A-7.wav,1,7,insects,7,insects,True
MFCC,357,1-7974-A-49.wav,1,49,hand_saw,33,door_wood_creaks,False
MFCC,358,1-7974-B-49.wav,1,49,hand_saw,29,drinking_sipping,False
MFCC,359,1-80785-A-7.wav,1,7,insects,43,car_horn,False
MFCC,360,1-80840-A-13.wav,1,13,crickets,13,crickets,True
MFCC,361,1-80841-A-13.wav,1,13,crickets,13,crickets,True
MFCC,362,1-81001-A-30.wav,1,30,door_wood_knock,2,pig,False
MFCC,363,1-81001-B-30.wav,1,30,door_wood_knock,29,drinking_sipping,False
MFCC,364,1-81269-A-3.wav,1,3,cow,3,cow,True
MFCC,365,1-81851-A-31.wav,1,31,mouse_click,7,insects,False
MFCC,366,1-81883-A-21.wav,1,21,sneezing,21,sneezing,True
MFCC,367,1-82817-A-30.wav,1,30,door_wood_knock,30,door_wood_knock,True
MFCC,368,1-84393-A-32.wav,1,32,keyboard_typing,12,crackling_fire,False
MFCC,369,1-84536-A-39.wav,1,39,glass_breaking,24,coughing,False
MFCC,370,1-84704-A-39.wav,1,39,glass_breaking,39,glass_breaking,True
MFCC,371,1-84705-A-39.wav,1,39,glass_breaking,39,glass_breaking,True
MFCC,372,1-85123-A-31.wav,1,31,mouse_click,12,crackling_fire,False
MFCC,373,1-85168-A-39.wav,1,39,glass_breaking,21,sneezing,False
MFCC,374,1-85184-A-39.wav,1,39,glass_breaking,31,mouse_click,False
MFCC,375,1-85362-A-0.wav,1,0,dog,0,dog,True
MFCC,376,1-85909-A-29.wav,1,29,drinking_sipping,15,water_drops,False
MFCC,377,1-87565-A-29.wav,1,29,drinking_sipping,25,footsteps,False
MFCC,378,1-88409-A-45.wav,1,45,train,45,train,True
MFCC,379,1-88409-B-45.wav,1,45,train,45,train,True
MFCC,380,1-88574-A-8.wav,1,8,sheep,4,frog,False
MFCC,381,1-88807-A-39.wav,1,39,glass_breaking,39,glass_breaking,True
MFCC,382,1-90797-A-15.wav,1,15,water_drops,21,sneezing,False
MFCC,383,1-91359-A-11.wav,1,11,sea_waves,10,rain,False
MFCC,384,1-91359-B-11.wav,1,11,sea_waves,10,rain,False
MFCC,385,1-94036-A-22.wav,1,22,clapping,22,clapping,True
MFCC,386,1-94231-A-32.wav,1,32,keyboard_typing,25,footsteps,False
MFCC,387,1-94231-B-32.wav,1,32,keyboard_typing,25,footsteps,False
MFCC,388,1-95563-A-31.wav,1,31,mouse_click,31,mouse_click,True
MFCC,389,1-96890-A-37.wav,1,37,clock_alarm,37,clock_alarm,True
MFCC,390,1-96950-A-9.wav,1,9,crow,0,dog,False
MFCC,391,1-96950-B-9.wav,1,9,crow,26,laughing,False
MFCC,392,1-97392-A-0.wav,1,0,dog,0,dog,True
MFCC,393,1-977-A-39.wav,1,39,glass_breaking,39,glass_breaking,True
MFCC,394,1-97793-A-31.wav,1,31,mouse_click,34,can_opening,False
MFCC,395,1-9841-A-13.wav,1,13,crickets,13,crickets,True
MFCC,396,1-9886-A-49.wav,1,49,hand_saw,49,hand_saw,True
MFCC,397,1-9887-A-49.wav,1,49,hand_saw,6,hen,False
MFCC,398,1-9887-B-49.wav,1,49,hand_saw,39,glass_breaking,False
MFCC,399,1-99958-A-31.wav,1,31,mouse_click,31,mouse_click,True
MFCC,400,2-100648-A-43.wav,2,43,car_horn,8,sheep,False
MFCC,401,2-100786-A-1.wav,2,1,rooster,1,rooster,True
MFCC,402,2-101676-A-10.wav,2,10,rain,10,rain,True
MFCC,403,2-102414-A-17.wav,2,17,pouring_water,24,coughing,False
MFCC,404,2-102414-B-17.wav,2,17,pouring_water,17,pouring_water,True
MFCC,405,2-102414-C-17.wav,2,17,pouring_water,17,pouring_water,True
MFCC,406,2-102414-D-17.wav,2,17,pouring_water,21,sneezing,False
MFCC,407,2-102414-E-17.wav,2,17,pouring_water,17,pouring_water,True
MFCC,408,2-102414-F-17.wav,2,17,pouring_water,17,pouring_water,True
MFCC,409,2-102414-G-17.wav,2,17,pouring_water,21,sneezing,False
MFCC,410,2-102435-A-37.wav,2,37,clock_alarm,17,pouring_water,False
MFCC,411,2-102567-A-35.wav,2,35,washing_machine,16,wind,False
MFCC,412,2-102567-B-35.wav,2,35,washing_machine,11,sea_waves,False
MFCC,413,2-102567-C-35.wav,2,35,washing_machine,35,washing_machine,True
MFCC,414,2-102567-D-35.wav,2,35,washing_machine,16,wind,False
MFCC,415,2-102568-A-35.wav,2,35,washing_machine,16,wind,False
MFCC,416,2-102581-A-29.wav,2,29,drinking_sipping,30,door_wood_knock,False
MFCC,417,2-102581-B-29.wav,2,29,drinking_sipping,30,door_wood_knock,False
MFCC,418,2-102852-A-11.wav,2,11,sea_waves,11,sea_waves,True
MFCC,419,2-103423-A-3.wav,2,3,cow,43,car_horn,False
MFCC,420,2-103424-A-3.wav,2,3,cow,2,pig,False
MFCC,421,2-103426-A-3.wav,2,3,cow,5,cat,False
MFCC,422,2-103427-A-3.wav,2,3,cow,43,car_horn,False
MFCC,423,2-103428-A-3.wav,2,3,cow,43,car_horn,False
MFCC,424,2-104105-A-19.wav,2,19,thunderstorm,19,thunderstorm,True
MFCC,425,2-104105-B-19.wav,2,19,thunderstorm,19,thunderstorm,True
MFCC,426,2-104168-A-32.wav,2,32,keyboard_typing,32,keyboard_typing,True
MFCC,427,2-104475-A-37.wav,2,37,clock_alarm,37,clock_alarm,True
MFCC,428,2-104476-A-37.wav,2,37,clock_alarm,37,clock_alarm,True
MFCC,429,2-104877-A-3.wav,2,3,cow,26,laughing,False
MFCC,430,2-104952-A-16.wav,2,16,wind,45,train,False
MFCC,431,2-104952-B-16.wav,2,16,wind,45,train,False
MFCC,432,2-105270-A-47.wav,2,47,airplane,40,helicopter,False
MFCC,433,2-106014-A-44.wav,2,44,engine,35,washing_machine,False
MFCC,434,2-106015-A-44.wav,2,44,engine,47,airplane,False
MFCC,435,2-106015-B-44.wav,2,44,engine,40,helicopter,False
MFCC,436,2-106019-A-13.wav,2,13,crickets,13,crickets,True
MFCC,437,2-106072-A-36.wav,2,36,vacuum_cleaner,13,crickets,False
MFCC,438,2-106073-A-36.wav,2,36,vacuum_cleaner,35,washing_machine,False
MFCC,439,2-106486-A-44.wav,2,44,engine,16,wind,False
MFCC,440,2-106487-A-44.wav,2,44,engine,28,snoring,False
MFCC,441,2-106849-A-47.wav,2,47,airplane,47,airplane,True
MFCC,442,2-106881-A-39.wav,2,39,glass_breaking,22,clapping,False
MFCC,443,2-107228-A-44.wav,2,44,engine,44,engine,True
MFCC,444,2-107228-B-44.wav,2,44,engine,44,engine,True
MFCC,445,2-107351-A-20.wav,2,20,crying_baby,20,crying_baby,True
MFCC,446,2-107351-B-20.wav,2,20,crying_baby,20,crying_baby,True
MFCC,447,2-108017-A-24.wav,2,24,coughing,29,drinking_sipping,False
MFCC,448,2-108760-A-14.wav,2,14,chirping_birds,18,toilet_flush,False
MFCC,449,2-108760-B-14.wav,2,14,chirping_birds,46,church_bells,False
MFCC,450,2-108761-A-14.wav,2,14,chirping_birds,14,chirping_birds,True
MFCC,451,2-108763-A-9.wav,2,9,crow,14,chirping_birds,False
MFCC,452,2-108766-A-9.wav,2,9,crow,6,hen,False
MFCC,453,2-108767-A-9.wav,2,9,crow,14,chirping_birds,False
MFCC,454,2-108767-B-9.wav,2,9,crow,18,toilet_flush,False
MFCC,455,2-108767-C-9.wav,2,9,crow,18,toilet_flush,False
MFCC,456,2-109231-A-9.wav,2,9,crow,4,frog,False
MFCC,457,2-109231-B-9.wav,2,9,crow,4,frog,False
MFCC,458,2-109231-C-9.wav,2,9,crow,4,frog,False
MFCC,459,2-109316-A-32.wav,2,32,keyboard_typing,32,keyboard_typing,True
MFCC,460,2-109371-A-16.wav,2,16,wind,45,train,False
MFCC,461,2-109371-B-16.wav,2,16,wind,40,helicopter,False
MFCC,462,2-109371-C-16.wav,2,16,wind,16,wind,True
MFCC,463,2-109371-D-16.wav,2,16,wind,16,wind,True
MFCC,464,2-109374-A-16.wav,2,16,wind,16,wind,True
MFCC,465,2-109505-A-21.wav,2,21,sneezing,30,door_wood_knock,False
MFCC,466,2-109759-A-26.wav,2,26,laughing,21,sneezing,False
MFCC,467,2-109759-B-26.wav,2,26,laughing,0,dog,False
MFCC,468,2-110010-A-5.wav,2,5,cat,5,cat,True
MFCC,469,2-110011-A-5.wav,2,5,cat,5,cat,True
MFCC,470,2-110417-A-28.wav,2,28,snoring,25,footsteps,False
MFCC,471,2-110417-B-28.wav,2,28,snoring,30,door_wood_knock,False
MFCC,472,2-110613-A-13.wav,2,13,crickets,13,crickets,True
MFCC,473,2-110614-A-8.wav,2,8,sheep,22,clapping,False
MFCC,474,2-110614-B-8.wav,2,8,sheep,8,sheep,True
MFCC,475,2-112213-A-39.wav,2,39,glass_breaking,39,glass_breaking,True
MFCC,476,2-112213-B-39.wav,2,39,glass_breaking,39,glass_breaking,True
MFCC,477,2-114254-A-30.wav,2,30,door_wood_knock,30,door_wood_knock,True
MFCC,478,2-114280-A-0.wav,2,0,dog,0,dog,True
MFCC,479,2-114587-A-0.wav,2,0,dog,6,hen,False
MFCC,480,2-114609-A-28.wav,2,28,snoring,30,door_wood_knock,False
MFCC,481,2-114609-B-28.wav,2,28,snoring,31,mouse_click,False
MFCC,482,2-116400-A-0.wav,2,0,dog,0,dog,True
MFCC,483,2-117116-A-37.wav,2,37,clock_alarm,37,clock_alarm,True
MFCC,484,2-117271-A-0.wav,2,0,dog,26,laughing,False
MFCC,485,2-117330-A-28.wav,2,28,snoring,38,clock_tick,False
MFCC,486,2-117615-A-48.wav,2,48,fireworks,48,fireworks,True
MFCC,487,2-117615-B-48.wav,2,48,fireworks,48,fireworks,True
MFCC,488,2-117615-C-48.wav,2,48,fireworks,25,footsteps,False
MFCC,489,2-117615-D-48.wav,2,48,fireworks,25,footsteps,False
MFCC,490,2-117615-E-48.wav,2,48,fireworks,48,fireworks,True
MFCC,491,2-117616-A-48.wav,2,48,fireworks,23,breathing,False
MFCC,492,2-117617-A-48.wav,2,48,fireworks,45,train,False
MFCC,493,2-117625-A-10.wav,2,10,rain,10,rain,True
MFCC,494,2-117795-A-3.wav,2,3,cow,3,cow,True
MFCC,495,2-117795-B-3.wav,2,3,cow,3,cow,True
MFCC,496,2-118072-A-0.wav,2,0,dog,0,dog,True
MFCC,497,2-118104-A-21.wav,2,21,sneezing,21,sneezing,True
MFCC,498,2-118459-A-32.wav,2,32,keyboard_typing,12,crackling_fire,False
MFCC,499,2-118459-B-32.wav,2,32,keyboard_typing,49,hand_saw,False
MFCC,500,2-118624-A-30.wav,2,30,door_wood_knock,30,door_wood_knock,True
MFCC,501,2-118625-A-30.wav,2,30,door_wood_knock,30,door_wood_knock,True
MFCC,502,2-118817-A-32.wav,2,32,keyboard_typing,31,mouse_click,False
MFCC,503,2-118964-A-0.wav,2,0,dog,24,coughing,False
MFCC,504,2-119102-A-21.wav,2,21,sneezing,21,sneezing,True
MFCC,505,2-119139-A-31.wav,2,31,mouse_click,39,glass_breaking,False
MFCC,506,2-119161-A-8.wav,2,8,sheep,38,clock_tick,False
MFCC,507,2-119161-B-8.wav,2,8,sheep,26,laughing,False
MFCC,508,2-119161-C-8.wav,2,8,sheep,26,laughing,False
MFCC,509,2-119748-A-38.wav,2,38,clock_tick,3,cow,False
MFCC,510,2-120218-A-30.wav,2,30,door_wood_knock,30,door_wood_knock,True
MFCC,511,2-120218-B-30.wav,2,30,door_wood_knock,30,door_wood_knock,True
MFCC,512,2-120333-A-32.wav,2,32,keyboard_typing,31,mouse_click,False
MFCC,513,2-120586-A-6.wav,2,6,hen,0,dog,False
MFCC,514,2-120587-A-6.wav,2,6,hen,3,cow,False
MFCC,515,2-121909-A-35.wav,2,35,washing_machine,44,engine,False
MFCC,516,2-121978-A-29.wav,2,29,drinking_sipping,11,sea_waves,False
MFCC,517,2-122066-A-45.wav,2,45,train,8,sheep,False
MFCC,518,2-122066-B-45.wav,2,45,train,45,train,True
MFCC,519,2-122067-A-45.wav,2,45,train,45,train,True
MFCC,520,2-122067-B-45.wav,2,45,train,45,train,True
MFCC,521,2-122104-A-0.wav,2,0,dog,0,dog,True
MFCC,522,2-122104-B-0.wav,2,0,dog,0,dog,True
MFCC,523,2-122616-A-14.wav,2,14,chirping_birds,14,chirping_birds,True
MFCC,524,2-122763-A-29.wav,2,29,drinking_sipping,15,water_drops,False
MFCC,525,2-122763-B-29.wav,2,29,drinking_sipping,48,fireworks,False
MFCC,526,2-122820-A-36.wav,2,36,vacuum_cleaner,44,engine,False
MFCC,527,2-122820-B-36.wav,2,36,vacuum_cleaner,44,engine,False
MFCC,528,2-123712-A-33.wav,2,33,door_wood_creaks,21,sneezing,False
MFCC,529,2-123896-A-24.wav,2,24,coughing,24,coughing,True
MFCC,530,2-124564-A-15.wav,2,15,water_drops,12,crackling_fire,False
MFCC,531,2-124662-A-11.wav,2,11,sea_waves,11,sea_waves,True
MFCC,532,2-125520-A-43.wav,2,43,car_horn,37,clock_alarm,False
MFCC,533,2-125821-A-13.wav,2,13,crickets,27,brushing_teeth,False
MFCC,534,2-125875-A-13.wav,2,13,crickets,13,crickets,True
MFCC,535,2-125966-A-11.wav,2,11,sea_waves,2,pig,False
MFCC,536,2-126433-A-17.wav,2,17,pouring_water,17,pouring_water,True
MFCC,537,2-126756-A-29.wav,2,29,drinking_sipping,29,drinking_sipping,True
MFCC,538,2-127108-A-38.wav,2,38,clock_tick,0,dog,False
MFCC,539,2-127109-A-6.wav,2,6,hen,3,cow,False
MFCC,540,2-128465-A-43.wav,2,43,car_horn,47,airplane,False
MFCC,541,2-128465-B-43.wav,2,43,car_horn,45,train,False
MFCC,542,2-128631-A-21.wav,2,21,sneezing,21,sneezing,True
MFCC,543,2-130245-A-34.wav,2,34,can_opening,34,can_opening,True
MFCC,544,2-130978-A-21.wav,2,21,sneezing,21,sneezing,True
MFCC,545,2-130979-A-21.wav,2,21,sneezing,21,sneezing,True
MFCC,546,2-131943-A-38.wav,2,38,clock_tick,0,dog,False
MFCC,547,2-132157-A-11.wav,2,11,sea_waves,11,sea_waves,True
MFCC,548,2-132157-B-11.wav,2,11,sea_waves,11,sea_waves,True
MFCC,549,2-133863-A-11.wav,2,11,sea_waves,11,sea_waves,True
MFCC,550,2-133889-A-30.wav,2,30,door_wood_knock,30,door_wood_knock,True
MFCC,551,2-134049-A-6.wav,2,6,hen,0,dog,False
MFCC,552,2-134700-A-38.wav,2,38,clock_tick,5,cat,False
MFCC,553,2-134915-A-30.wav,2,30,door_wood_knock,30,door_wood_knock,True
MFCC,554,2-135649-A-45.wav,2,45,train,47,airplane,False
MFCC,555,2-135649-B-45.wav,2,45,train,45,train,True
MFCC,556,2-135649-C-45.wav,2,45,train,45,train,True
MFCC,557,2-135728-A-38.wav,2,38,clock_tick,38,clock_tick,True
MFCC,558,2-135860-A-49.wav,2,49,hand_saw,49,hand_saw,True
MFCC,559,2-137162-A-11.wav,2,11,sea_waves,11,sea_waves,True
MFCC,560,2-138257-A-31.wav,2,31,mouse_click,28,snoring,False
MFCC,561,2-138465-A-43.wav,2,43,car_horn,10,rain,False
MFCC,562,2-139748-A-15.wav,2,15,water_drops,33,door_wood_creaks,False
MFCC,563,2-139748-B-15.wav,2,15,water_drops,31,mouse_click,False
MFCC,564,2-139749-A-15.wav,2,15,water_drops,7,insects,False
MFCC,565,2-140147-A-38.wav,2,38,clock_tick,38,clock_tick,True
MFCC,566,2-140841-A-30.wav,2,30,door_wood_knock,30,door_wood_knock,True
MFCC,567,2-141563-A-39.wav,2,39,glass_breaking,39,glass_breaking,True
MFCC,568,2-141584-A-38.wav,2,38,clock_tick,12,crackling_fire,False
MFCC,569,2-141681-A-36.wav,2,36,vacuum_cleaner,36,vacuum_cleaner,True
MFCC,570,2-141681-B-36.wav,2,36,vacuum_cleaner,16,wind,False
MFCC,571,2-141682-A-36.wav,2,36,vacuum_cleaner,49,hand_saw,False
MFCC,572,2-141682-B-36.wav,2,36,vacuum_cleaner,10,rain,False
MFCC,573,2-144031-A-34.wav,2,34,can_opening,34,can_opening,True
MFCC,574,2-144137-A-43.wav,2,43,car_horn,37,clock_alarm,False
MFCC,575,2-146877-A-31.wav,2,31,mouse_click,31,mouse_click,True
MFCC,576,2-146877-B-31.wav,2,31,mouse_click,31,mouse_click,True
MFCC,577,2-151079-A-20.wav,2,20,crying_baby,20,crying_baby,True
MFCC,578,2-152895-A-31.wav,2,31,mouse_click,29,drinking_sipping,False
MFCC,579,2-152964-A-31.wav,2,31,mouse_click,29,drinking_sipping,False
MFCC,580,2-153388-A-31.wav,2,31,mouse_click,23,breathing,False
MFCC,581,2-154688-A-31.wav,2,31,mouse_click,31,mouse_click,True
MFCC,582,2-155801-A-11.wav,2,11,sea_waves,11,sea_waves,True
MFCC,583,2-157488-A-6.wav,2,6,hen,6,hen,True
MFCC,584,2-158746-A-2.wav,2,2,pig,2,pig,True
MFCC,585,2-158746-B-2.wav,2,2,pig,26,laughing,False
MFCC,586,2-158746-C-2.wav,2,2,pig,2,pig,True
MFCC,587,2-158746-D-2.wav,2,2,pig,29,drinking_sipping,False
MFCC,588,2-160128-A-7.wav,2,7,insects,16,wind,False
MFCC,589,2-160888-A-47.wav,2,47,airplane,25,footsteps,False
MFCC,590,2-165801-A-48.wav,2,48,fireworks,48,fireworks,True
MFCC,591,2-166644-A-2.wav,2,2,pig,2,pig,True
MFCC,592,2-166644-B-2.wav,2,2,pig,2,pig,True
MFCC,593,2-166644-C-2.wav,2,2,pig,2,pig,True
MFCC,594,2-173559-A-39.wav,2,39,glass_breaking,39,glass_breaking,True
MFCC,595,2-173607-A-39.wav,2,39,glass_breaking,39,glass_breaking,True
MFCC,596,2-173618-A-39.wav,2,39,glass_breaking,49,hand_saw,False
MFCC,597,2-182508-A-8.wav,2,8,sheep,8,sheep,True
MFCC,598,2-182508-B-8.wav,2,8,sheep,8,sheep,True
MFCC,599,2-184077-A-49.wav,2,49,hand_saw,31,mouse_click,False
MFCC,600,2-18766-A-12.wav,2,12,crackling_fire,12,crackling_fire,True
MFCC,601,2-18766-B-12.wav,2,12,crackling_fire,34,can_opening,False
MFCC,602,2-188822-A-40.wav,2,40,helicopter,45,train,False
MFCC,603,2-188822-B-40.wav,2,40,helicopter,40,helicopter,True
MFCC,604,2-188822-C-40.wav,2,40,helicopter,40,helicopter,True
MFCC,605,2-188822-D-40.wav,2,40,helicopter,35,washing_machine,False
MFCC,606,2-196688-A-8.wav,2,8,sheep,41,chainsaw,False
MFCC,607,2-205966-A-16.wav,2,16,wind,22,clapping,False
MFCC,608,2-209471-A-25.wav,2,25,footsteps,7,insects,False
MFCC,609,2-209472-A-25.wav,2,25,footsteps,25,footsteps,True
MFCC,610,2-209473-A-25.wav,2,25,footsteps,45,train,False
MFCC,611,2-209474-A-25.wav,2,25,footsteps,25,footsteps,True
MFCC,612,2-209475-A-25.wav,2,25,footsteps,7,insects,False
MFCC,613,2-209476-A-25.wav,2,25,footsteps,25,footsteps,True
MFCC,614,2-209477-A-25.wav,2,25,footsteps,25,footsteps,True
MFCC,615,2-209478-A-25.wav,2,25,footsteps,25,footsteps,True
MFCC,616,2-250710-A-39.wav,2,39,glass_breaking,2,pig,False
MFCC,617,2-25292-A-22.wav,2,22,clapping,22,clapping,True
MFCC,618,2-25293-A-22.wav,2,22,clapping,33,door_wood_creaks,False
MFCC,619,2-262579-A-45.wav,2,45,train,45,train,True
MFCC,620,2-28314-A-12.wav,2,12,crackling_fire,12,crackling_fire,True
MFCC,621,2-28314-B-12.wav,2,12,crackling_fire,12,crackling_fire,True
MFCC,622,2-30322-A-12.wav,2,12,crackling_fire,12,crackling_fire,True
MFCC,623,2-30322-B-12.wav,2,12,crackling_fire,38,clock_tick,False
MFCC,624,2-32515-A-4.wav,2,4,frog,4,frog,True
MFCC,625,2-32515-B-4.wav,2,4,frog,4,frog,True
MFCC,626,2-32515-C-4.wav,2,4,frog,4,frog,True
MFCC,627,2-32515-D-4.wav,2,4,frog,4,frog,True
MFCC,628,2-32834-A-4.wav,2,4,frog,4,frog,True
MFCC,629,2-37806-A-40.wav,2,40,helicopter,40,helicopter,True
MFCC,630,2-37806-B-40.wav,2,40,helicopter,47,airplane,False
MFCC,631,2-37806-C-40.wav,2,40,helicopter,40,helicopter,True
MFCC,632,2-37806-D-40.wav,2,40,helicopter,40,helicopter,True
MFCC,633,2-37870-A-2.wav,2,2,pig,38,clock_tick,False
MFCC,634,2-39441-A-19.wav,2,19,thunderstorm,19,thunderstorm,True
MFCC,635,2-39443-A-19.wav,2,19,thunderstorm,19,thunderstorm,True
MFCC,636,2-39443-B-19.wav,2,19,thunderstorm,19,thunderstorm,True
MFCC,637,2-39945-A-19.wav,2,19,thunderstorm,19,thunderstorm,True
MFCC,638,2-39945-B-19.wav,2,19,thunderstorm,19,thunderstorm,True
MFCC,639,2-39945-C-19.wav,2,19,thunderstorm,19,thunderstorm,True
MFCC,640,2-42101-A-43.wav,2,43,car_horn,43,car_horn,True
MFCC,641,2-43802-A-42.wav,2,42,siren,42,siren,True
MFCC,642,2-43806-A-42.wav,2,42,siren,42,siren,True
MFCC,643,2-50665-A-20.wav,2,20,crying_baby,20,crying_baby,True
MFCC,644,2-50666-A-20.wav,2,20,crying_baby,42,siren,False
MFCC,645,2-50667-A-41.wav,2,41,chainsaw,46,church_bells,False
MFCC,646,2-50667-B-41.wav,2,41,chainsaw,41,chainsaw,True
MFCC,647,2-50668-A-41.wav,2,41,chainsaw,10,rain,False
MFCC,648,2-50668-B-41.wav,2,41,chainsaw,35,washing_machine,False
MFCC,649,2-50774-A-23.wav,2,23,breathing,29,drinking_sipping,False
MFCC,650,2-51173-A-35.wav,2,35,washing_machine,35,washing_machine,True
MFCC,651,2-51630-A-49.wav,2,49,hand_saw,49,hand_saw,True
MFCC,652,2-51630-B-49.wav,2,49,hand_saw,7,insects,False
MFCC,653,2-52001-A-28.wav,2,28,snoring,28,snoring,True
MFCC,654,2-52001-B-28.wav,2,28,snoring,2,pig,False
MFCC,655,2-52085-A-4.wav,2,4,frog,4,frog,True
MFCC,656,2-52085-B-4.wav,2,4,frog,4,frog,True
MFCC,657,2-52789-A-4.wav,2,4,frog,31,mouse_click,False
MFCC,658,2-54086-A-43.wav,2,43,car_horn,37,clock_alarm,False
MFCC,659,2-54961-A-23.wav,2,23,breathing,22,clapping,False
MFCC,660,2-54962-A-23.wav,2,23,breathing,0,dog,False
MFCC,661,2-56926-A-46.wav,2,46,church_bells,46,church_bells,True
MFCC,662,2-57191-A-46.wav,2,46,church_bells,42,siren,False
MFCC,663,2-57733-A-22.wav,2,22,clapping,17,pouring_water,False
MFCC,664,2-59241-A-35.wav,2,35,washing_machine,41,chainsaw,False
MFCC,665,2-59321-A-49.wav,2,49,hand_saw,49,hand_saw,True
MFCC,666,2-59565-A-46.wav,2,46,church_bells,37,clock_alarm,False
MFCC,667,2-59566-A-46.wav,2,46,church_bells,42,siren,False
MFCC,668,2-60180-A-49.wav,2,49,hand_saw,33,door_wood_creaks,False
MFCC,669,2-60180-B-49.wav,2,49,hand_saw,18,toilet_flush,False
MFCC,670,2-60791-A-26.wav,2,26,laughing,3,cow,False
MFCC,671,2-60794-A-26.wav,2,26,laughing,3,cow,False
MFCC,672,2-60795-A-26.wav,2,26,laughing,2,pig,False
MFCC,673,2-60900-A-22.wav,2,22,clapping,0,dog,False
MFCC,674,2-61311-A-12.wav,2,12,crackling_fire,48,fireworks,False
MFCC,675,2-61618-A-46.wav,2,46,church_bells,46,church_bells,True
MFCC,676,2-62226-A-26.wav,2,26,laughing,26,laughing,True
MFCC,677,2-64332-A-18.wav,2,18,toilet_flush,41,chainsaw,False
MFCC,678,2-64962-A-15.wav,2,15,water_drops,14,chirping_birds,False
MFCC,679,2-64963-A-15.wav,2,15,water_drops,42,siren,False
MFCC,680,2-65484-A-18.wav,2,18,toilet_flush,18,toilet_flush,True
MFCC,681,2-65747-A-12.wav,2,12,crackling_fire,12,crackling_fire,True
MFCC,682,2-65750-A-1.wav,2,1,rooster,1,rooster,True
MFCC,683,2-66205-A-23.wav,2,23,breathing,23,breathing,True
MFCC,684,2-66637-A-20.wav,2,20,crying_baby,17,pouring_water,False
MFCC,685,2-66637-B-20.wav,2,20,crying_baby,6,hen,False
MFCC,686,2-67422-A-18.wav,2,18,toilet_flush,22,clapping,False
MFCC,687,2-68391-A-41.wav,2,41,chainsaw,22,clapping,False
MFCC,688,2-68391-B-41.wav,2,41,chainsaw,10,rain,False
MFCC,689,2-68595-A-15.wav,2,15,water_drops,15,water_drops,True
MFCC,690,2-68595-B-15.wav,2,15,water_drops,31,mouse_click,False
MFCC,691,2-69131-A-5.wav,2,5,cat,42,siren,False
MFCC,692,2-69131-B-5.wav,2,5,cat,37,clock_alarm,False
MFCC,693,2-70052-A-42.wav,2,42,siren,42,siren,True
MFCC,694,2-70052-B-42.wav,2,42,siren,0,dog,False
MFCC,695,2-70280-A-18.wav,2,18,toilet_flush,18,toilet_flush,True
MFCC,696,2-70344-A-33.wav,2,33,door_wood_creaks,30,door_wood_knock,False
MFCC,697,2-70366-A-33.wav,2,33,door_wood_creaks,43,car_horn,False
MFCC,698,2-70367-A-33.wav,2,33,door_wood_creaks,33,door_wood_creaks,True
MFCC,699,2-70936-A-42.wav,2,42,siren,42,siren,True
MFCC,700,2-70938-A-42.wav,2,42,siren,20,crying_baby,False
MFCC,701,2-70939-A-42.wav,2,42,siren,42,siren,True
MFCC,702,2-71162-A-1.wav,2,1,rooster,1,rooster,True
MFCC,703,2-72268-A-6.wav,2,6,hen,20,crying_baby,False
MFCC,704,2-72547-A-14.wav,2,14,chirping_birds,33,door_wood_creaks,False
MFCC,705,2-72547-B-14.wav,2,14,chirping_birds,14,chirping_birds,True
MFCC,706,2-72547-C-14.wav,2,14,chirping_birds,2,pig,False
MFCC,707,2-72547-D-14.wav,2,14,chirping_birds,2,pig,False
MFCC,708,2-72677-A-18.wav,2,18,toilet_flush,18,toilet_flush,True
MFCC,709,2-72688-A-42.wav,2,42,siren,42,siren,True
MFCC,710,2-72970-A-10.wav,2,10,rain,11,sea_waves,False
MFCC,711,2-73027-A-10.wav,2,10,rain,10,rain,True
MFCC,712,2-7321-A-33.wav,2,33,door_wood_creaks,10,rain,False
MFCC,713,2-73260-A-10.wav,2,10,rain,12,crackling_fire,False
MFCC,714,2-73544-A-27.wav,2,27,brushing_teeth,27,brushing_teeth,True
MFCC,715,2-74361-A-47.wav,2,47,airplane,47,airplane,True
MFCC,716,2-74977-A-18.wav,2,18,toilet_flush,18,toilet_flush,True
MFCC,717,2-75726-A-6.wav,2,6,hen,21,sneezing,False
MFCC,718,2-76408-A-22.wav,2,22,clapping,22,clapping,True
MFCC,719,2-76408-B-22.wav,2,22,clapping,22,clapping,True
MFCC,720,2-76408-C-22.wav,2,22,clapping,22,clapping,True
MFCC,721,2-76408-D-22.wav,2,22,clapping,22,clapping,True
MFCC,722,2-76868-A-6.wav,2,6,hen,6,hen,True
MFCC,723,2-77346-A-46.wav,2,46,church_bells,2,pig,False
MFCC,724,2-77347-A-46.wav,2,46,church_bells,3,cow,False
MFCC,725,2-77945-A-41.wav,2,41,chainsaw,12,crackling_fire,False
MFCC,726,2-77945-B-41.wav,2,41,chainsaw,41,chainsaw,True
MFCC,727,2-78381-A-46.wav,2,46,church_bells,46,church_bells,True
MFCC,728,2-78562-A-37.wav,2,37,clock_alarm,37,clock_alarm,True
MFCC,729,2-78562-B-37.wav,2,37,clock_alarm,37,clock_alarm,True
MFCC,730,2-78651-A-44.wav,2,44,engine,44,engine,True
MFCC,731,2-78781-A-47.wav,2,47,airplane,47,airplane,True
MFCC,732,2-78799-A-47.wav,2,47,airplane,35,washing_machine,False
MFCC,733,2-79769-A-26.wav,2,26,laughing,26,laughing,True
MFCC,734,2-79775-A-26.wav,2,26,laughing,26,laughing,True
MFCC,735,2-80313-A-28.wav,2,28,snoring,28,snoring,True
MFCC,736,2-80482-A-20.wav,2,20,crying_baby,20,crying_baby,True
MFCC,737,2-80844-A-13.wav,2,13,crickets,13,crickets,True
MFCC,738,2-81112-A-34.wav,2,34,can_opening,34,can_opening,True
MFCC,739,2-81190-A-34.wav,2,34,can_opening,39,glass_breaking,False
MFCC,740,2-81270-A-1.wav,2,1,rooster,5,cat,False
MFCC,741,2-81731-A-10.wav,2,10,rain,11,sea_waves,False
MFCC,742,2-81970-A-7.wav,2,7,insects,7,insects,True
MFCC,743,2-81970-B-7.wav,2,7,insects,7,insects,True
MFCC,744,2-81970-C-7.wav,2,7,insects,7,insects,True
MFCC,745,2-82071-A-27.wav,2,27,brushing_teeth,36,vacuum_cleaner,False
MFCC,746,2-82077-A-7.wav,2,7,insects,46,church_bells,False
MFCC,747,2-82274-A-5.wav,2,5,cat,5,cat,True
MFCC,748,2-82274-B-5.wav,2,5,cat,5,cat,True
MFCC,749,2-82367-A-10.wav,2,10,rain,10,rain,True
MFCC,750,2-82455-A-23.wav,2,23,breathing,36,vacuum_cleaner,False
MFCC,751,2-82538-A-21.wav,2,21,sneezing,21,sneezing,True
MFCC,752,2-83270-A-13.wav,2,13,crickets,37,clock_alarm,False
MFCC,753,2-83536-A-27.wav,2,27,brushing_teeth,32,keyboard_typing,False
MFCC,754,2-83667-A-34.wav,2,34,can_opening,32,keyboard_typing,False
MFCC,755,2-83688-A-34.wav,2,34,can_opening,12,crackling_fire,False
MFCC,756,2-83934-A-5.wav,2,5,cat,5,cat,True
MFCC,757,2-83934-B-5.wav,2,5,cat,5,cat,True
MFCC,758,2-84693-A-49.wav,2,49,hand_saw,29,drinking_sipping,False
MFCC,759,2-84943-A-18.wav,2,18,toilet_flush,18,toilet_flush,True
MFCC,760,2-84965-A-23.wav,2,23,breathing,6,hen,False
MFCC,761,2-85139-A-13.wav,2,13,crickets,13,crickets,True
MFCC,762,2-85292-A-24.wav,2,24,coughing,29,drinking_sipping,False
MFCC,763,2-85434-A-27.wav,2,27,brushing_teeth,27,brushing_teeth,True
MFCC,764,2-85471-A-34.wav,2,34,can_opening,34,can_opening,True
MFCC,765,2-85945-A-18.wav,2,18,toilet_flush,18,toilet_flush,True
MFCC,766,2-86160-A-27.wav,2,27,brushing_teeth,27,brushing_teeth,True
MFCC,767,2-87282-A-34.wav,2,34,can_opening,15,water_drops,False
MFCC,768,2-87412-A-24.wav,2,24,coughing,24,coughing,True
MFCC,769,2-87780-A-33.wav,2,33,door_wood_creaks,30,door_wood_knock,False
MFCC,770,2-87781-A-10.wav,2,10,rain,40,helicopter,False
MFCC,771,2-87794-A-24.wav,2,24,coughing,29,drinking_sipping,False
MFCC,772,2-87795-A-24.wav,2,24,coughing,0,dog,False
MFCC,773,2-87799-A-24.wav,2,24,coughing,29,drinking_sipping,False
MFCC,774,2-88724-A-38.wav,2,38,clock_tick,38,clock_tick,True
MFCC,775,2-89516-A-37.wav,2,37,clock_alarm,37,clock_alarm,True
MFCC,776,2-91912-A-33.wav,2,33,door_wood_creaks,25,footsteps,False
MFCC,777,2-91912-B-33.wav,2,33,door_wood_creaks,32,keyboard_typing,False
MFCC,778,2-92627-A-27.wav,2,27,brushing_teeth,17,pouring_water,False
MFCC,779,2-92978-A-29.wav,2,29,drinking_sipping,29,drinking_sipping,True
MFCC,780,2-93030-A-21.wav,2,21,sneezing,24,coughing,False
MFCC,781,2-94230-A-27.wav,2,27,brushing_teeth,12,crackling_fire,False
MFCC,782,2-94807-A-29.wav,2,29,drinking_sipping,17,pouring_water,False
MFCC,783,2-95035-A-1.wav,2,1,rooster,1,rooster,True
MFCC,784,2-95258-A-1.wav,2,1,rooster,1,rooster,True
MFCC,785,2-95258-B-1.wav,2,1,rooster,1,rooster,True
MFCC,786,2-95567-A-23.wav,2,23,breathing,32,keyboard_typing,False
MFCC,787,2-96033-A-13.wav,2,13,crickets,35,washing_machine,False
MFCC,788,2-96063-A-37.wav,2,37,clock_alarm,37,clock_alarm,True
MFCC,789,2-96460-A-1.wav,2,1,rooster,1,rooster,True
MFCC,790,2-96654-A-47.wav,2,47,airplane,47,airplane,True
MFCC,791,2-96904-A-27.wav,2,27,brushing_teeth,27,brushing_teeth,True
MFCC,792,2-98392-A-23.wav,2,23,breathing,0,dog,False
MFCC,793,2-98676-A-24.wav,2,24,coughing,21,sneezing,False
MFCC,794,2-98866-A-47.wav,2,47,airplane,47,airplane,True
MFCC,795,2-99795-A-32.wav,2,32,keyboard_typing,49,hand_saw,False
MFCC,796,2-99796-A-32.wav,2,32,keyboard_typing,49,hand_saw,False
MFCC,797,2-99955-A-7.wav,2,7,insects,7,insects,True
MFCC,798,2-99955-B-7.wav,2,7,insects,29,drinking_sipping,False
MFCC,799,2-99955-C-7.wav,2,7,insects,7,insects,True
MFCC,800,3-100018-A-18.wav,3,18,toilet_flush,18,toilet_flush,True
MFCC,801,3-100024-A-27.wav,3,27,brushing_teeth,27,brushing_teeth,True
MFCC,802,3-100024-B-27.wav,3,27,brushing_teeth,27,brushing_teeth,True
MFCC,803,3-101381-A-33.wav,3,33,door_wood_creaks,3,cow,False
MFCC,804,3-101381-B-33.wav,3,33,door_wood_creaks,3,cow,False
MFCC,805,3-102583-A-49.wav,3,49,hand_saw,34,can_opening,False
MFCC,806,3-102583-B-49.wav,3,49,hand_saw,49,hand_saw,True
MFCC,807,3-102583-C-49.wav,3,49,hand_saw,49,hand_saw,True
MFCC,808,3-102908-A-4.wav,3,4,frog,14,chirping_birds,False
MFCC,809,3-103050-A-19.wav,3,19,thunderstorm,19,thunderstorm,True
MFCC,810,3-103051-A-19.wav,3,19,thunderstorm,19,thunderstorm,True
MFCC,811,3-103051-B-19.wav,3,19,thunderstorm,19,thunderstorm,True
MFCC,812,3-103051-C-19.wav,3,19,thunderstorm,19,thunderstorm,True
MFCC,813,3-103401-A-33.wav,3,33,door_wood_creaks,22,clapping,False
MFCC,814,3-103401-B-33.wav,3,33,door_wood_creaks,22,clapping,False
MFCC,815,3-103401-C-33.wav,3,33,door_wood_creaks,22,clapping,False
MFCC,816,3-103401-D-33.wav,3,33,door_wood_creaks,22,clapping,False
MFCC,817,3-103597-A-25.wav,3,25,footsteps,25,footsteps,True
MFCC,818,3-103598-A-25.wav,3,25,footsteps,10,rain,False
MFCC,819,3-103599-A-25.wav,3,25,footsteps,25,footsteps,True
MFCC,820,3-103599-B-25.wav,3,25,footsteps,12,crackling_fire,False
MFCC,821,3-104632-A-12.wav,3,12,crackling_fire,6,hen,False
MFCC,822,3-104761-A-7.wav,3,7,insects,32,keyboard_typing,False
MFCC,823,3-104761-B-7.wav,3,7,insects,13,crickets,False
MFCC,824,3-104958-A-12.wav,3,12,crackling_fire,39,glass_breaking,False
MFCC,825,3-105235-A-7.wav,3,7,insects,14,chirping_birds,False
MFCC,826,3-105236-A-7.wav,3,7,insects,41,chainsaw,False
MFCC,827,3-107123-A-26.wav,3,26,laughing,1,rooster,False
MFCC,828,3-107219-A-1.wav,3,1,rooster,1,rooster,True
MFCC,829,3-108160-A-23.wav,3,23,breathing,23,breathing,True
MFCC,830,3-108451-A-17.wav,3,17,pouring_water,17,pouring_water,True
MFCC,831,3-108451-B-17.wav,3,17,pouring_water,17,pouring_water,True
MFCC,832,3-108677-A-18.wav,3,18,toilet_flush,18,toilet_flush,True
MFCC,833,3-108791-A-18.wav,3,18,toilet_flush,18,toilet_flush,True
MFCC,834,3-110536-A-26.wav,3,26,laughing,6,hen,False
MFCC,835,3-110913-A-7.wav,3,7,insects,46,church_bells,False
MFCC,836,3-110913-B-7.wav,3,7,insects,8,sheep,False
MFCC,837,3-110913-C-7.wav,3,7,insects,36,vacuum_cleaner,False
MFCC,838,3-110913-D-7.wav,3,7,insects,46,church_bells,False
MFCC,839,3-111102-A-46.wav,3,46,church_bells,46,church_bells,True
MFCC,840,3-111102-B-46.wav,3,46,church_bells,46,church_bells,True
MFCC,841,3-112356-A-18.wav,3,18,toilet_flush,18,toilet_flush,True
MFCC,842,3-112397-A-9.wav,3,9,crow,9,crow,True
MFCC,843,3-112522-A-27.wav,3,27,brushing_teeth,27,brushing_teeth,True
MFCC,844,3-112557-A-23.wav,3,23,breathing,26,laughing,False
MFCC,845,3-112557-B-23.wav,3,23,breathing,39,glass_breaking,False
MFCC,846,3-115382-A-44.wav,3,44,engine,45,train,False
MFCC,847,3-115387-A-47.wav,3,47,airplane,47,airplane,True
MFCC,848,3-115387-B-47.wav,3,47,airplane,47,airplane,True
MFCC,849,3-115387-C-47.wav,3,47,airplane,47,airplane,True
MFCC,850,3-116135-A-1.wav,3,1,rooster,42,siren,False
MFCC,851,3-117293-A-9.wav,3,9,crow,9,crow,True
MFCC,852,3-117504-A-16.wav,3,16,wind,16,wind,True
MFCC,853,3-117504-B-16.wav,3,16,wind,35,washing_machine,False
MFCC,854,3-117793-A-37.wav,3,37,clock_alarm,38,clock_tick,False
MFCC,855,3-117883-A-37.wav,3,37,clock_alarm,37,clock_alarm,True
MFCC,856,3-118059-A-18.wav,3,18,toilet_flush,18,toilet_flush,True
MFCC,857,3-118069-A-27.wav,3,27,brushing_teeth,32,keyboard_typing,False
MFCC,858,3-118069-B-27.wav,3,27,brushing_teeth,27,brushing_teeth,True
MFCC,859,3-118194-A-33.wav,3,33,door_wood_creaks,18,toilet_flush,False
MFCC,860,3-118487-A-26.wav,3,26,laughing,0,dog,False
MFCC,861,3-118656-A-41.wav,3,41,chainsaw,8,sheep,False
MFCC,862,3-118657-A-41.wav,3,41,chainsaw,9,crow,False
MFCC,863,3-118657-B-41.wav,3,41,chainsaw,41,chainsaw,True
MFCC,864,3-118658-A-41.wav,3,41,chainsaw,41,chainsaw,True
MFCC,865,3-118658-B-41.wav,3,41,chainsaw,41,chainsaw,True
MFCC,866,3-118972-A-41.wav,3,41,chainsaw,41,chainsaw,True
MFCC,867,3-118972-B-41.wav,3,41,chainsaw,41,chainsaw,True
MFCC,868,3-119120-A-48.wav,3,48,fireworks,48,fireworks,True
MFCC,869,3-119120-B-48.wav,3,48,fireworks,48,fireworks,True
MFCC,870,3-119120-C-48.wav,3,48,fireworks,25,footsteps,False
MFCC,871,3-119120-D-48.wav,3,48,fireworks,26,laughing,False
MFCC,872,3-119120-E-48.wav,3,48,fireworks,48,fireworks,True
MFCC,873,3-119455-A-44.wav,3,44,engine,44,engine,True
MFCC,874,3-119459-A-26.wav,3,26,laughing,26,laughing,True
MFCC,875,3-120526-A-37.wav,3,37,clock_alarm,37,clock_alarm,True
MFCC,876,3-120526-B-37.wav,3,37,clock_alarm,37,clock_alarm,True
MFCC,877,3-120644-A-12.wav,3,12,crackling_fire,12,crackling_fire,True
MFCC,878,3-121348-A-9.wav,3,9,crow,23,breathing,False
MFCC,879,3-122110-A-46.wav,3,46,church_bells,47,airplane,False
MFCC,880,3-123086-A-28.wav,3,28,snoring,28,snoring,True
MFCC,881,3-123224-A-19.wav,3,19,thunderstorm,19,thunderstorm,True
MFCC,882,3-124376-A-3.wav,3,3,cow,2,pig,False
MFCC,883,3-124376-B-3.wav,3,3,cow,2,pig,False
MFCC,884,3-124600-A-19.wav,3,19,thunderstorm,19,thunderstorm,True
MFCC,885,3-124795-A-28.wav,3,28,snoring,38,clock_tick,False
MFCC,886,3-124925-A-9.wav,3,9,crow,23,breathing,False
MFCC,887,3-124958-A-28.wav,3,28,snoring,16,wind,False
MFCC,888,3-125418-A-24.wav,3,24,coughing,24,coughing,True
MFCC,889,3-125548-A-32.wav,3,32,keyboard_typing,22,clapping,False
MFCC,890,3-126113-A-26.wav,3,26,laughing,3,cow,False
MFCC,891,3-126358-A-3.wav,3,3,cow,3,cow,True
MFCC,892,3-126358-B-3.wav,3,3,cow,3,cow,True
MFCC,893,3-126391-A-27.wav,3,27,brushing_teeth,27,brushing_teeth,True
MFCC,894,3-126391-B-27.wav,3,27,brushing_teeth,27,brushing_teeth,True
MFCC,895,3-127874-A-17.wav,3,17,pouring_water,17,pouring_water,True
MFCC,896,3-127890-A-9.wav,3,9,crow,9,crow,True
MFCC,897,3-127890-B-9.wav,3,9,crow,9,crow,True
MFCC,898,3-127890-C-9.wav,3,9,crow,9,crow,True
MFCC,899,3-128160-A-44.wav,3,44,engine,41,chainsaw,False
MFCC,900,3-128512-A-47.wav,3,47,airplane,40,helicopter,False
MFCC,901,3-128512-B-47.wav,3,47,airplane,16,wind,False
MFCC,902,3-129264-A-9.wav,3,9,crow,3,cow,False
MFCC,903,3-129338-A-13.wav,3,13,crickets,10,rain,False
MFCC,904,3-129678-A-13.wav,3,13,crickets,37,clock_alarm,False
MFCC,905,3-130330-A-22.wav,3,22,clapping,39,glass_breaking,False
MFCC,906,3-130998-A-28.wav,3,28,snoring,44,engine,False
MFCC,907,3-130998-B-28.wav,3,28,snoring,18,toilet_flush,False
MFCC,908,3-131943-A-37.wav,3,37,clock_alarm,37,clock_alarm,True
MFCC,909,3-132340-A-37.wav,3,37,clock_alarm,37,clock_alarm,True
MFCC,910,3-132601-A-24.wav,3,24,coughing,24,coughing,True
MFCC,911,3-132747-A-26.wav,3,26,laughing,9,crow,False
MFCC,912,3-132830-A-32.wav,3,32,keyboard_typing,32,keyboard_typing,True
MFCC,913,3-132852-A-10.wav,3,10,rain,44,engine,False
MFCC,914,3-133977-A-29.wav,3,29,drinking_sipping,30,door_wood_knock,False
MFCC,915,3-134049-A-1.wav,3,1,rooster,5,cat,False
MFCC,916,3-134699-A-16.wav,3,16,wind,40,helicopter,False
MFCC,917,3-134699-B-16.wav,3,16,wind,16,wind,True
MFCC,918,3-134699-C-16.wav,3,16,wind,12,crackling_fire,False
MFCC,919,3-134802-A-13.wav,3,13,crickets,42,siren,False
MFCC,920,3-135469-A-35.wav,3,35,washing_machine,16,wind,False
MFCC,921,3-135650-A-45.wav,3,45,train,45,train,True
MFCC,922,3-135650-B-45.wav,3,45,train,45,train,True
MFCC,923,3-136288-A-0.wav,3,0,dog,8,sheep,False
MFCC,924,3-136451-A-45.wav,3,45,train,45,train,True
MFCC,925,3-136608-A-16.wav,3,16,wind,16,wind,True
MFCC,926,3-137152-A-1.wav,3,1,rooster,1,rooster,True
MFCC,927,3-138114-A-22.wav,3,22,clapping,22,clapping,True
MFCC,928,3-138212-A-45.wav,3,45,train,45,train,True
MFCC,929,3-139109-A-46.wav,3,46,church_bells,47,airplane,False
MFCC,930,3-139331-A-27.wav,3,27,brushing_teeth,14,chirping_birds,False
MFCC,931,3-139958-A-37.wav,3,37,clock_alarm,38,clock_tick,False
MFCC,932,3-140199-A-8.wav,3,8,sheep,8,sheep,True
MFCC,933,3-140199-B-8.wav,3,8,sheep,8,sheep,True
MFCC,934,3-140199-C-8.wav,3,8,sheep,8,sheep,True
MFCC,935,3-140199-D-8.wav,3,8,sheep,8,sheep,True
MFCC,936,3-140323-A-29.wav,3,29,drinking_sipping,29,drinking_sipping,True
MFCC,937,3-140774-A-10.wav,3,10,rain,45,train,False
MFCC,938,3-141240-A-44.wav,3,44,engine,43,car_horn,False
MFCC,939,3-141240-B-44.wav,3,44,engine,12,crackling_fire,False
MFCC,940,3-141559-A-45.wav,3,45,train,45,train,True
MFCC,941,3-141684-A-21.wav,3,21,sneezing,21,sneezing,True
MFCC,942,3-142005-A-10.wav,3,10,rain,11,sea_waves,False
MFCC,943,3-142006-A-10.wav,3,10,rain,10,rain,True
MFCC,944,3-142349-A-17.wav,3,17,pouring_water,14,chirping_birds,False
MFCC,945,3-142593-A-38.wav,3,38,clock_tick,49,hand_saw,False
MFCC,946,3-142601-A-21.wav,3,21,sneezing,34,can_opening,False
MFCC,947,3-142604-A-24.wav,3,24,coughing,24,coughing,True
MFCC,948,3-142605-A-21.wav,3,21,sneezing,38,clock_tick,False
MFCC,949,3-143119-A-21.wav,3,21,sneezing,21,sneezing,True
MFCC,950,3-143560-A-47.wav,3,47,airplane,47,airplane,True
MFCC,951,3-143562-A-47.wav,3,47,airplane,47,airplane,True
MFCC,952,3-143929-A-10.wav,3,10,rain,12,crackling_fire,False
MFCC,953,3-143933-A-38.wav,3,38,clock_tick,12,crackling_fire,False
MFCC,954,3-144028-A-0.wav,3,0,dog,22,clapping,False
MFCC,955,3-144106-A-32.wav,3,32,keyboard_typing,18,toilet_flush,False
MFCC,956,3-144120-A-32.wav,3,32,keyboard_typing,25,footsteps,False
MFCC,957,3-144128-A-23.wav,3,23,breathing,23,breathing,True
MFCC,958,3-144128-B-23.wav,3,23,breathing,23,breathing,True
MFCC,959,3-144253-A-29.wav,3,29,drinking_sipping,21,sneezing,False
MFCC,960,3-144259-A-29.wav,3,29,drinking_sipping,24,coughing,False
MFCC,961,3-144510-A-30.wav,3,30,door_wood_knock,30,door_wood_knock,True
MFCC,962,3-144692-A-21.wav,3,21,sneezing,24,coughing,False
MFCC,963,3-144827-A-11.wav,3,11,sea_waves,11,sea_waves,True
MFCC,964,3-144827-B-11.wav,3,11,sea_waves,11,sea_waves,True
MFCC,965,3-144891-A-19.wav,3,19,thunderstorm,19,thunderstorm,True
MFCC,966,3-144891-B-19.wav,3,19,thunderstorm,19,thunderstorm,True
MFCC,967,3-145382-A-1.wav,3,1,rooster,1,rooster,True
MFCC,968,3-145387-A-29.wav,3,29,drinking_sipping,29,drinking_sipping,True
MFCC,969,3-145487-A-24.wav,3,24,coughing,24,coughing,True
MFCC,970,3-145577-A-43.wav,3,43,car_horn,31,mouse_click,False
MFCC,971,3-145719-A-17.wav,3,17,pouring_water,17,pouring_water,True
MFCC,972,3-145774-A-12.wav,3,12,crackling_fire,12,crackling_fire,True
MFCC,973,3-146033-A-13.wav,3,13,crickets,13,crickets,True
MFCC,974,3-146186-A-44.wav,3,44,engine,28,snoring,False
MFCC,975,3-146697-A-43.wav,3,43,car_horn,31,mouse_click,False
MFCC,976,3-146873-A-24.wav,3,24,coughing,24,coughing,True
MFCC,977,3-146964-A-5.wav,3,5,cat,20,crying_baby,False
MFCC,978,3-146965-A-5.wav,3,5,cat,20,crying_baby,False
MFCC,979,3-146972-A-5.wav,3,5,cat,26,laughing,False
MFCC,980,3-147342-A-34.wav,3,34,can_opening,34,can_opening,True
MFCC,981,3-147343-A-34.wav,3,34,can_opening,34,can_opening,True
MFCC,982,3-147965-A-12.wav,3,12,crackling_fire,35,washing_machine,False
MFCC,983,3-148297-A-37.wav,3,37,clock_alarm,37,clock_alarm,True
MFCC,984,3-148330-A-21.wav,3,21,sneezing,21,sneezing,True
MFCC,985,3-148932-A-34.wav,3,34,can_opening,34,can_opening,True
MFCC,986,3-149042-A-24.wav,3,24,coughing,24,coughing,True
MFCC,987,3-149189-A-1.wav,3,1,rooster,1,rooster,True
MFCC,988,3-149448-A-17.wav,3,17,pouring_water,17,pouring_water,True
MFCC,989,3-149465-A-22.wav,3,22,clapping,22,clapping,True
MFCC,990,3-150231-A-21.wav,3,21,sneezing,21,sneezing,True
MFCC,991,3-150363-A-38.wav,3,38,clock_tick,38,clock_tick,True
MFCC,992,3-150979-A-40.wav,3,40,helicopter,40,helicopter,True
MFCC,993,3-150979-B-40.wav,3,40,helicopter,47,airplane,False
MFCC,994,3-150979-C-40.wav,3,40,helicopter,45,train,False
MFCC,995,3-151080-A-20.wav,3,20,crying_baby,20,crying_baby,True
MFCC,996,3-151081-A-20.wav,3,20,crying_baby,20,crying_baby,True
MFCC,997,3-151081-B-20.wav,3,20,crying_baby,20,crying_baby,True
MFCC,998,3-151089-A-30.wav,3,30,door_wood_knock,24,coughing,False
MFCC,999,3-151206-A-23.wav,3,23,breathing,23,breathing,True
MFCC,1000,3-151212-A-24.wav,3,24,coughing,21,sneezing,False
MFCC,1001,3-151213-A-24.wav,3,24,coughing,39,glass_breaking,False
MFCC,1002,3-151255-A-28.wav,3,28,snoring,38,clock_tick,False
MFCC,1003,3-151269-A-35.wav,3,35,washing_machine,35,washing_machine,True
MFCC,1004,3-151273-A-35.wav,3,35,washing_machine,41,chainsaw,False
MFCC,1005,3-151557-A-28.wav,3,28,snoring,35,washing_machine,False
MFCC,1006,3-151557-B-28.wav,3,28,snoring,28,snoring,True
MFCC,1007,3-152007-A-20.wav,3,20,crying_baby,42,siren,False
MFCC,1008,3-152007-B-20.wav,3,20,crying_baby,20,crying_baby,True
MFCC,1009,3-152007-C-20.wav,3,20,crying_baby,20,crying_baby,True
MFCC,1010,3-152007-D-20.wav,3,20,crying_baby,42,siren,False
MFCC,1011,3-152007-E-20.wav,3,20,crying_baby,20,crying_baby,True
MFCC,1012,3-152020-A-36.wav,3,36,vacuum_cleaner,18,toilet_flush,False
MFCC,1013,3-152020-B-36.wav,3,36,vacuum_cleaner,36,vacuum_cleaner,True
MFCC,1014,3-152020-C-36.wav,3,36,vacuum_cleaner,18,toilet_flush,False
MFCC,1015,3-152039-A-3.wav,3,3,cow,7,insects,False
MFCC,1016,3-152039-B-3.wav,3,3,cow,42,siren,False
MFCC,1017,3-152594-A-30.wav,3,30,door_wood_knock,30,door_wood_knock,True
MFCC,1018,3-152912-A-26.wav,3,26,laughing,24,coughing,False
MFCC,1019,3-152997-A-26.wav,3,26,laughing,26,laughing,True
MFCC,1020,3-153057-A-43.wav,3,43,car_horn,43,car_horn,True
MFCC,1021,3-153444-A-32.wav,3,32,keyboard_typing,49,hand_saw,False
MFCC,1022,3-154378-A-30.wav,3,30,door_wood_knock,30,door_wood_knock,True
MFCC,1023,3-154439-A-17.wav,3,17,pouring_water,17,pouring_water,True
MFCC,1024,3-154758-A-44.wav,3,44,engine,10,rain,False
MFCC,1025,3-154781-A-32.wav,3,32,keyboard_typing,32,keyboard_typing,True
MFCC,1026,3-154926-A-40.wav,3,40,helicopter,3,cow,False
MFCC,1027,3-154926-B-40.wav,3,40,helicopter,47,airplane,False
MFCC,1028,3-154957-A-1.wav,3,1,rooster,1,rooster,True
MFCC,1029,3-155130-A-43.wav,3,43,car_horn,7,insects,False
MFCC,1030,3-155234-A-43.wav,3,43,car_horn,45,train,False
MFCC,1031,3-155312-A-0.wav,3,0,dog,0,dog,True
MFCC,1032,3-155556-A-31.wav,3,31,mouse_click,21,sneezing,False
MFCC,1033,3-155568-A-32.wav,3,32,keyboard_typing,32,keyboard_typing,True
MFCC,1034,3-155570-A-32.wav,3,32,keyboard_typing,32,keyboard_typing,True
MFCC,1035,3-155577-A-14.wav,3,14,chirping_birds,14,chirping_birds,True
MFCC,1036,3-155578-A-14.wav,3,14,chirping_birds,14,chirping_birds,True
MFCC,1037,3-155579-A-14.wav,3,14,chirping_birds,14,chirping_birds,True
MFCC,1038,3-155583-A-14.wav,3,14,chirping_birds,38,clock_tick,False
MFCC,1039,3-155584-A-14.wav,3,14,chirping_birds,2,pig,False
MFCC,1040,3-155642-A-11.wav,3,11,sea_waves,11,sea_waves,True
MFCC,1041,3-155642-B-11.wav,3,11,sea_waves,11,sea_waves,True
MFCC,1042,3-155659-A-34.wav,3,34,can_opening,34,can_opening,True
MFCC,1043,3-155766-A-13.wav,3,13,crickets,37,clock_alarm,False
MFCC,1044,3-156391-A-35.wav,3,35,washing_machine,35,washing_machine,True
MFCC,1045,3-156393-A-35.wav,3,35,washing_machine,35,washing_machine,True
MFCC,1046,3-156558-A-21.wav,3,21,sneezing,24,coughing,False
MFCC,1047,3-156581-A-14.wav,3,14,chirping_birds,14,chirping_birds,True
MFCC,1048,3-156581-B-14.wav,3,14,chirping_birds,14,chirping_birds,True
MFCC,1049,3-156907-A-15.wav,3,15,water_drops,21,sneezing,False
MFCC,1050,3-157149-A-10.wav,3,10,rain,10,rain,True
MFCC,1051,3-157187-A-12.wav,3,12,crackling_fire,31,mouse_click,False
MFCC,1052,3-157487-A-10.wav,3,10,rain,44,engine,False
MFCC,1053,3-157492-A-45.wav,3,45,train,16,wind,False
MFCC,1054,3-157615-A-10.wav,3,10,rain,36,vacuum_cleaner,False
MFCC,1055,3-157695-A-0.wav,3,0,dog,0,dog,True
MFCC,1056,3-158056-A-31.wav,3,31,mouse_click,32,keyboard_typing,False
MFCC,1057,3-158056-B-31.wav,3,31,mouse_click,31,mouse_click,True
MFCC,1058,3-158476-A-12.wav,3,12,crackling_fire,12,crackling_fire,True
MFCC,1059,3-159346-A-36.wav,3,36,vacuum_cleaner,16,wind,False
MFCC,1060,3-159346-B-36.wav,3,36,vacuum_cleaner,10,rain,False
MFCC,1061,3-159347-A-36.wav,3,36,vacuum_cleaner,10,rain,False
MFCC,1062,3-159347-B-36.wav,3,36,vacuum_cleaner,49,hand_saw,False
MFCC,1063,3-159348-A-36.wav,3,36,vacuum_cleaner,27,brushing_teeth,False
MFCC,1064,3-159445-A-45.wav,3,45,train,40,helicopter,False
MFCC,1065,3-159445-B-45.wav,3,45,train,40,helicopter,False
MFCC,1066,3-160119-A-15.wav,3,15,water_drops,21,sneezing,False
MFCC,1067,3-160993-A-3.wav,3,3,cow,46,church_bells,False
MFCC,1068,3-161010-A-43.wav,3,43,car_horn,43,car_horn,True
MFCC,1069,3-161500-A-17.wav,3,17,pouring_water,14,chirping_birds,False
MFCC,1070,3-162786-A-13.wav,3,13,crickets,14,chirping_birds,False
MFCC,1071,3-163288-A-1.wav,3,1,rooster,1,rooster,True
MFCC,1072,3-163459-A-0.wav,3,0,dog,0,dog,True
MFCC,1073,3-163607-A-13.wav,3,13,crickets,16,wind,False
MFCC,1074,3-163607-B-13.wav,3,13,crickets,45,train,False
MFCC,1075,3-163727-A-3.wav,3,3,cow,3,cow,True
MFCC,1076,3-164120-A-11.wav,3,11,sea_waves,10,rain,False
MFCC,1077,3-164216-A-6.wav,3,6,hen,6,hen,True
MFCC,1078,3-164216-B-6.wav,3,6,hen,5,cat,False
MFCC,1079,3-164216-C-6.wav,3,6,hen,6,hen,True
MFCC,1080,3-164592-A-15.wav,3,15,water_drops,21,sneezing,False
MFCC,1081,3-164593-A-15.wav,3,15,water_drops,21,sneezing,False
MFCC,1082,3-164594-A-15.wav,3,15,water_drops,34,can_opening,False
MFCC,1083,3-164595-A-15.wav,3,15,water_drops,21,sneezing,False
MFCC,1084,3-164630-A-11.wav,3,11,sea_waves,11,sea_waves,True
MFCC,1085,3-164688-A-38.wav,3,38,clock_tick,28,snoring,False
MFCC,1086,3-165856-A-41.wav,3,41,chainsaw,41,chainsaw,True
MFCC,1087,3-166125-A-23.wav,3,23,breathing,38,clock_tick,False
MFCC,1088,3-166125-B-23.wav,3,23,breathing,12,crackling_fire,False
MFCC,1089,3-166324-A-15.wav,3,15,water_drops,21,sneezing,False
MFCC,1090,3-166326-A-15.wav,3,15,water_drops,0,dog,False
MFCC,1091,3-166422-A-11.wav,3,11,sea_waves,11,sea_waves,True
MFCC,1092,3-166546-A-34.wav,3,34,can_opening,34,can_opening,True
MFCC,1093,3-166546-B-34.wav,3,34,can_opening,34,can_opening,True
MFCC,1094,3-167096-A-31.wav,3,31,mouse_click,31,mouse_click,True
MFCC,1095,3-169907-A-29.wav,3,29,drinking_sipping,18,toilet_flush,False
MFCC,1096,3-170002-A-34.wav,3,34,can_opening,34,can_opening,True
MFCC,1097,3-170015-A-0.wav,3,0,dog,21,sneezing,False
MFCC,1098,3-170312-A-31.wav,3,31,mouse_click,31,mouse_click,True
MFCC,1099,3-170377-A-38.wav,3,38,clock_tick,38,clock_tick,True
MFCC,1100,3-170383-A-38.wav,3,38,clock_tick,15,water_drops,False
MFCC,1101,3-170574-A-30.wav,3,30,door_wood_knock,30,door_wood_knock,True
MFCC,1102,3-170851-A-31.wav,3,31,mouse_click,32,keyboard_typing,False
MFCC,1103,3-171012-A-38.wav,3,38,clock_tick,48,fireworks,False
MFCC,1104,3-171041-A-38.wav,3,38,clock_tick,2,pig,False
MFCC,1105,3-171281-A-6.wav,3,6,hen,6,hen,True
MFCC,1106,3-171937-A-34.wav,3,34,can_opening,34,can_opening,True
MFCC,1107,3-172179-A-31.wav,3,31,mouse_click,34,can_opening,False
MFCC,1108,3-172881-A-48.wav,3,48,fireworks,48,fireworks,True
MFCC,1109,3-172922-A-48.wav,3,48,fireworks,48,fireworks,True
MFCC,1110,3-174840-A-43.wav,3,43,car_horn,5,cat,False
MFCC,1111,3-174866-A-29.wav,3,29,drinking_sipping,15,water_drops,False
MFCC,1112,3-177082-A-22.wav,3,22,clapping,22,clapping,True
MFCC,1113,3-177083-A-22.wav,3,22,clapping,22,clapping,True
MFCC,1114,3-178096-A-6.wav,3,6,hen,6,hen,True
MFCC,1115,3-180147-A-30.wav,3,30,door_wood_knock,30,door_wood_knock,True
MFCC,1116,3-180256-A-0.wav,3,0,dog,0,dog,True
MFCC,1117,3-180977-A-0.wav,3,0,dog,6,hen,False
MFCC,1118,3-181132-A-14.wav,3,14,chirping_birds,14,chirping_birds,True
MFCC,1119,3-181278-A-22.wav,3,22,clapping,22,clapping,True
MFCC,1120,3-182023-A-30.wav,3,30,door_wood_knock,30,door_wood_knock,True
MFCC,1121,3-182025-A-30.wav,3,30,door_wood_knock,30,door_wood_knock,True
MFCC,1122,3-182710-A-35.wav,3,35,washing_machine,45,train,False
MFCC,1123,3-182710-B-35.wav,3,35,washing_machine,48,fireworks,False
MFCC,1124,3-185313-A-31.wav,3,31,mouse_click,18,toilet_flush,False
MFCC,1125,3-185456-A-29.wav,3,29,drinking_sipping,15,water_drops,False
MFCC,1126,3-187549-A-6.wav,3,6,hen,25,footsteps,False
MFCC,1127,3-187549-B-6.wav,3,6,hen,6,hen,True
MFCC,1128,3-187710-A-11.wav,3,11,sea_waves,22,clapping,False
MFCC,1129,3-188390-A-6.wav,3,6,hen,24,coughing,False
MFCC,1130,3-188726-A-35.wav,3,35,washing_machine,16,wind,False
MFCC,1131,3-193767-A-47.wav,3,47,airplane,47,airplane,True
MFCC,1132,3-197408-A-8.wav,3,8,sheep,8,sheep,True
MFCC,1133,3-197408-B-8.wav,3,8,sheep,8,sheep,True
MFCC,1134,3-197408-C-8.wav,3,8,sheep,11,sea_waves,False
MFCC,1135,3-197435-A-22.wav,3,22,clapping,39,glass_breaking,False
MFCC,1136,3-197435-B-22.wav,3,22,clapping,39,glass_breaking,False
MFCC,1137,3-203371-A-39.wav,3,39,glass_breaking,31,mouse_click,False
MFCC,1138,3-203373-A-39.wav,3,39,glass_breaking,39,glass_breaking,True
MFCC,1139,3-203374-A-39.wav,3,39,glass_breaking,39,glass_breaking,True
MFCC,1140,3-203375-A-39.wav,3,39,glass_breaking,39,glass_breaking,True
MFCC,1141,3-203377-A-39.wav,3,39,glass_breaking,39,glass_breaking,True
MFCC,1142,3-20861-A-8.wav,3,8,sheep,8,sheep,True
MFCC,1143,3-208820-A-49.wav,3,49,hand_saw,10,rain,False
MFCC,1144,3-216280-A-39.wav,3,39,glass_breaking,39,glass_breaking,True
MFCC,1145,3-216281-A-39.wav,3,39,glass_breaking,39,glass_breaking,True
MFCC,1146,3-216284-A-39.wav,3,39,glass_breaking,21,sneezing,False
MFCC,1147,3-233151-A-2.wav,3,2,pig,39,glass_breaking,False
MFCC,1148,3-243726-A-43.wav,3,43,car_horn,45,train,False
MFCC,1149,3-246513-A-16.wav,3,16,wind,40,helicopter,False
MFCC,1150,3-246513-B-16.wav,3,16,wind,40,helicopter,False
MFCC,1151,3-249913-A-25.wav,3,25,footsteps,16,wind,False
MFCC,1152,3-251617-A-48.wav,3,48,fireworks,48,fireworks,True
MFCC,1153,3-253081-A-2.wav,3,2,pig,2,pig,True
MFCC,1154,3-253084-A-2.wav,3,2,pig,24,coughing,False
MFCC,1155,3-253084-B-2.wav,3,2,pig,26,laughing,False
MFCC,1156,3-253084-C-2.wav,3,2,pig,3,cow,False
MFCC,1157,3-253084-D-2.wav,3,2,pig,32,keyboard_typing,False
MFCC,1158,3-253084-E-2.wav,3,2,pig,24,coughing,False
MFCC,1159,3-257858-A-2.wav,3,2,pig,26,laughing,False
MFCC,1160,3-259622-A-44.wav,3,44,engine,10,rain,False
MFCC,1161,3-51376-A-42.wav,3,42,siren,42,siren,True
MFCC,1162,3-51731-A-42.wav,3,42,siren,40,helicopter,False
MFCC,1163,3-51731-B-42.wav,3,42,siren,42,siren,True
MFCC,1164,3-51909-A-42.wav,3,42,siren,42,siren,True
MFCC,1165,3-51909-B-42.wav,3,42,siren,37,clock_alarm,False
MFCC,1166,3-58772-A-42.wav,3,42,siren,42,siren,True
MFCC,1167,3-62878-A-42.wav,3,42,siren,42,siren,True
MFCC,1168,3-62878-B-42.wav,3,42,siren,42,siren,True
MFCC,1169,3-65748-A-12.wav,3,12,crackling_fire,12,crackling_fire,True
MFCC,1170,3-68630-A-40.wav,3,40,helicopter,40,helicopter,True
MFCC,1171,3-68630-B-40.wav,3,40,helicopter,40,helicopter,True
MFCC,1172,3-68630-C-40.wav,3,40,helicopter,40,helicopter,True
MFCC,1173,3-70962-A-4.wav,3,4,frog,32,keyboard_typing,False
MFCC,1174,3-70962-B-4.wav,3,4,frog,4,frog,True
MFCC,1175,3-70962-C-4.wav,3,4,frog,4,frog,True
MFCC,1176,3-71964-A-4.wav,3,4,frog,4,frog,True
MFCC,1177,3-71964-B-4.wav,3,4,frog,4,frog,True
MFCC,1178,3-71964-C-4.wav,3,4,frog,4,frog,True
MFCC,1179,3-83527-A-4.wav,3,4,frog,14,chirping_birds,False
MFCC,1180,3-87936-A-46.wav,3,46,church_bells,46,church_bells,True
MFCC,1181,3-87936-B-46.wav,3,46,church_bells,7,insects,False
MFCC,1182,3-92637-A-18.wav,3,18,toilet_flush,18,toilet_flush,True
MFCC,1183,3-93010-A-18.wav,3,18,toilet_flush,18,toilet_flush,True
MFCC,1184,3-94342-A-25.wav,3,25,footsteps,32,keyboard_typing,False
MFCC,1185,3-94343-A-25.wav,3,25,footsteps,25,footsteps,True
MFCC,1186,3-94344-A-25.wav,3,25,footsteps,32,keyboard_typing,False
MFCC,1187,3-94355-A-33.wav,3,33,door_wood_creaks,33,door_wood_creaks,True
MFCC,1188,3-95694-A-5.wav,3,5,cat,5,cat,True
MFCC,1189,3-95695-A-5.wav,3,5,cat,5,cat,True
MFCC,1190,3-95695-B-5.wav,3,5,cat,5,cat,True
MFCC,1191,3-95697-A-5.wav,3,5,cat,39,glass_breaking,False
MFCC,1192,3-95698-A-5.wav,3,5,cat,6,hen,False
MFCC,1193,3-96606-A-49.wav,3,49,hand_saw,18,toilet_flush,False
MFCC,1194,3-96606-B-49.wav,3,49,hand_saw,18,toilet_flush,False
MFCC,1195,3-97909-A-49.wav,3,49,hand_saw,41,chainsaw,False
MFCC,1196,3-97909-B-49.wav,3,49,hand_saw,2,pig,False
MFCC,1197,3-98193-A-46.wav,3,46,church_bells,46,church_bells,True
MFCC,1198,3-98771-A-18.wav,3,18,toilet_flush,18,toilet_flush,True
MFCC,1199,3-98869-A-46.wav,3,46,church_bells,46,church_bells,True
MFCC,1200,4-102844-A-49.wav,4,49,hand_saw,10,rain,False
MFCC,1201,4-102844-B-49.wav,4,49,hand_saw,41,chainsaw,False
MFCC,1202,4-102844-C-49.wav,4,49,hand_saw,41,chainsaw,False
MFCC,1203,4-102871-A-42.wav,4,42,siren,42,siren,True
MFCC,1204,4-107117-A-33.wav,4,33,door_wood_creaks,46,church_bells,False
MFCC,1205,4-107120-A-33.wav,4,33,door_wood_creaks,1,rooster,False
MFCC,1206,4-107122-A-33.wav,4,33,door_wood_creaks,20,crying_baby,False
MFCC,1207,4-108352-A-33.wav,4,33,door_wood_creaks,33,door_wood_creaks,True
MFCC,1208,4-111671-A-42.wav,4,42,siren,42,siren,True
MFCC,1209,4-111671-B-42.wav,4,42,siren,42,siren,True
MFCC,1210,4-117627-A-25.wav,4,25,footsteps,34,can_opening,False
MFCC,1211,4-117630-A-25.wav,4,25,footsteps,38,clock_tick,False
MFCC,1212,4-119647-A-48.wav,4,48,fireworks,4,frog,False
MFCC,1213,4-119647-B-48.wav,4,48,fireworks,29,drinking_sipping,False
MFCC,1214,4-119647-C-48.wav,4,48,fireworks,48,fireworks,True
MFCC,1215,4-119647-D-48.wav,4,48,fireworks,48,fireworks,True
MFCC,1216,4-119648-A-48.wav,4,48,fireworks,48,fireworks,True
MFCC,1217,4-119648-B-48.wav,4,48,fireworks,48,fireworks,True
MFCC,1218,4-119648-C-48.wav,4,48,fireworks,48,fireworks,True
MFCC,1219,4-119648-D-48.wav,4,48,fireworks,48,fireworks,True
MFCC,1220,4-119720-A-18.wav,4,18,toilet_flush,18,toilet_flush,True
MFCC,1221,4-120160-A-5.wav,4,5,cat,1,rooster,False
MFCC,1222,4-121532-A-42.wav,4,42,siren,42,siren,True
MFCC,1223,4-123680-A-18.wav,4,18,toilet_flush,10,rain,False
MFCC,1224,4-125070-A-19.wav,4,19,thunderstorm,19,thunderstorm,True
MFCC,1225,4-125071-A-19.wav,4,19,thunderstorm,19,thunderstorm,True
MFCC,1226,4-125072-A-19.wav,4,19,thunderstorm,19,thunderstorm,True
MFCC,1227,4-125072-B-19.wav,4,19,thunderstorm,19,thunderstorm,True
MFCC,1228,4-125825-A-46.wav,4,46,church_bells,46,church_bells,True
MFCC,1229,4-125825-B-46.wav,4,46,church_bells,37,clock_alarm,False
MFCC,1230,4-125929-A-40.wav,4,40,helicopter,45,train,False
MFCC,1231,4-126046-A-18.wav,4,18,toilet_flush,18,toilet_flush,True
MFCC,1232,4-126532-A-18.wav,4,18,toilet_flush,36,vacuum_cleaner,False
MFCC,1233,4-128659-A-33.wav,4,33,door_wood_creaks,49,hand_saw,False
MFCC,1234,4-130584-A-4.wav,4,4,frog,3,cow,False
MFCC,1235,4-130891-A-7.wav,4,7,insects,49,hand_saw,False
MFCC,1236,4-132383-A-2.wav,4,2,pig,25,footsteps,False
MFCC,1237,4-132383-B-2.wav,4,2,pig,2,pig,True
MFCC,1238,4-132803-A-26.wav,4,26,laughing,20,crying_baby,False
MFCC,1239,4-132810-A-26.wav,4,26,laughing,20,crying_baby,False
MFCC,1240,4-132816-A-26.wav,4,26,laughing,20,crying_baby,False
MFCC,1241,4-132839-A-33.wav,4,33,door_wood_creaks,9,crow,False
MFCC,1242,4-133047-A-5.wav,4,5,cat,20,crying_baby,False
MFCC,1243,4-133047-B-5.wav,4,5,cat,26,laughing,False
MFCC,1244,4-133047-C-5.wav,4,5,cat,42,siren,False
MFCC,1245,4-133674-A-26.wav,4,26,laughing,0,dog,False
MFCC,1246,4-133895-A-7.wav,4,7,insects,39,glass_breaking,False
MFCC,1247,4-135439-A-18.wav,4,18,toilet_flush,18,toilet_flush,True
MFCC,1248,4-136381-A-9.wav,4,9,crow,9,crow,True
MFCC,1249,4-138344-A-9.wav,4,9,crow,2,pig,False
MFCC,1250,4-140034-A-46.wav,4,46,church_bells,46,church_bells,True
MFCC,1251,4-141365-A-18.wav,4,18,toilet_flush,18,toilet_flush,True
MFCC,1252,4-143118-A-7.wav,4,7,insects,19,thunderstorm,False
MFCC,1253,4-143118-B-7.wav,4,7,insects,16,wind,False
MFCC,1254,4-144083-A-16.wav,4,16,wind,16,wind,True
MFCC,1255,4-144083-B-16.wav,4,16,wind,16,wind,True
MFCC,1256,4-144083-C-16.wav,4,16,wind,16,wind,True
MFCC,1257,4-144085-A-16.wav,4,16,wind,16,wind,True
MFCC,1258,4-144468-A-27.wav,4,27,brushing_teeth,27,brushing_teeth,True
MFCC,1259,4-144468-B-27.wav,4,27,brushing_teeth,17,pouring_water,False
MFCC,1260,4-145006-A-18.wav,4,18,toilet_flush,18,toilet_flush,True
MFCC,1261,4-145081-A-9.wav,4,9,crow,9,crow,True
MFCC,1262,4-146200-A-36.wav,4,36,vacuum_cleaner,36,vacuum_cleaner,True
MFCC,1263,4-147240-A-2.wav,4,2,pig,4,frog,False
MFCC,1264,4-147240-B-2.wav,4,2,pig,32,keyboard_typing,False
MFCC,1265,4-147657-A-46.wav,4,46,church_bells,40,helicopter,False
MFCC,1266,4-147658-A-46.wav,4,46,church_bells,46,church_bells,True
MFCC,1267,4-149294-A-41.wav,4,41,chainsaw,7,insects,False
MFCC,1268,4-149294-B-41.wav,4,41,chainsaw,7,insects,False
MFCC,1269,4-149940-A-5.wav,4,5,cat,20,crying_baby,False
MFCC,1270,4-149940-B-5.wav,4,5,cat,5,cat,True
MFCC,1271,4-150364-A-46.wav,4,46,church_bells,46,church_bells,True
MFCC,1272,4-150364-B-46.wav,4,46,church_bells,46,church_bells,True
MFCC,1273,4-151242-A-37.wav,4,37,clock_alarm,37,clock_alarm,True
MFCC,1274,4-152958-A-18.wav,4,18,toilet_flush,29,drinking_sipping,False
MFCC,1275,4-152995-A-24.wav,4,24,coughing,24,coughing,True
MFCC,1276,4-154405-A-27.wav,4,27,brushing_teeth,32,keyboard_typing,False
MFCC,1277,4-154405-B-27.wav,4,27,brushing_teeth,32,keyboard_typing,False
MFCC,1278,4-154443-A-24.wav,4,24,coughing,24,coughing,True
MFCC,1279,4-154793-A-4.wav,4,4,frog,46,church_bells,False
MFCC,1280,4-155650-A-24.wav,4,24,coughing,2,pig,False
MFCC,1281,4-155650-B-24.wav,4,24,coughing,24,coughing,True
MFCC,1282,4-155670-A-26.wav,4,26,laughing,42,siren,False
MFCC,1283,4-156227-A-9.wav,4,9,crow,9,crow,True
MFCC,1284,4-156827-A-46.wav,4,46,church_bells,46,church_bells,True
MFCC,1285,4-156843-A-21.wav,4,21,sneezing,21,sneezing,True
MFCC,1286,4-156844-A-21.wav,4,21,sneezing,21,sneezing,True
MFCC,1287,4-156993-A-19.wav,4,19,thunderstorm,19,thunderstorm,True
MFCC,1288,4-157296-A-24.wav,4,24,coughing,17,pouring_water,False
MFCC,1289,4-157297-A-21.wav,4,21,sneezing,24,coughing,False
MFCC,1290,4-157611-A-41.wav,4,41,chainsaw,44,engine,False
MFCC,1291,4-157611-B-41.wav,4,41,chainsaw,10,rain,False
MFCC,1292,4-158653-A-32.wav,4,32,keyboard_typing,32,keyboard_typing,True
MFCC,1293,4-159426-A-9.wav,4,9,crow,9,crow,True
MFCC,1294,4-159609-A-14.wav,4,14,chirping_birds,4,frog,False
MFCC,1295,4-159609-B-14.wav,4,14,chirping_birds,14,chirping_birds,True
MFCC,1296,4-160036-A-33.wav,4,33,door_wood_creaks,30,door_wood_knock,False
MFCC,1297,4-160036-B-33.wav,4,33,door_wood_creaks,4,frog,False
MFCC,1298,4-160999-A-10.wav,4,10,rain,11,sea_waves,False
MFCC,1299,4-161099-A-47.wav,4,47,airplane,47,airplane,True
MFCC,1300,4-161099-B-47.wav,4,47,airplane,47,airplane,True
MFCC,1301,4-161100-A-47.wav,4,47,airplane,45,train,False
MFCC,1302,4-161103-A-47.wav,4,47,airplane,8,sheep,False
MFCC,1303,4-161105-A-47.wav,4,47,airplane,47,airplane,True
MFCC,1304,4-161105-B-47.wav,4,47,airplane,45,train,False
MFCC,1305,4-161127-A-10.wav,4,10,rain,10,rain,True
MFCC,1306,4-161303-A-5.wav,4,5,cat,5,cat,True
MFCC,1307,4-161303-B-5.wav,4,5,cat,5,cat,True
MFCC,1308,4-161519-A-19.wav,4,19,thunderstorm,19,thunderstorm,True
MFCC,1309,4-161579-A-40.wav,4,40,helicopter,30,door_wood_knock,False
MFCC,1310,4-161579-B-40.wav,4,40,helicopter,40,helicopter,True
MFCC,1311,4-163264-A-10.wav,4,10,rain,10,rain,True
MFCC,1312,4-163606-A-16.wav,4,16,wind,16,wind,True
MFCC,1313,4-163608-B-16.wav,4,16,wind,16,wind,True
MFCC,1314,4-163609-A-16.wav,4,16,wind,16,wind,True
MFCC,1315,4-163609-B-16.wav,4,16,wind,19,thunderstorm,False
MFCC,1316,4-163697-A-13.wav,4,13,crickets,10,rain,False
MFCC,1317,4-164021-A-1.wav,4,1,rooster,1,rooster,True
MFCC,1318,4-164064-A-1.wav,4,1,rooster,1,rooster,True
MFCC,1319,4-164064-B-1.wav,4,1,rooster,0,dog,False
MFCC,1320,4-164064-C-1.wav,4,1,rooster,1,rooster,True
MFCC,1321,4-164206-A-10.wav,4,10,rain,10,rain,True
MFCC,1322,4-164243-A-26.wav,4,26,laughing,1,rooster,False
MFCC,1323,4-164661-A-12.wav,4,12,crackling_fire,28,snoring,False
MFCC,1324,4-164661-B-12.wav,4,12,crackling_fire,12,crackling_fire,True
MFCC,1325,4-164859-A-1.wav,4,1,rooster,1,rooster,True
MFCC,1326,4-165606-A-45.wav,4,45,train,45,train,True
MFCC,1327,4-165791-A-45.wav,4,45,train,45,train,True
MFCC,1328,4-165791-B-45.wav,4,45,train,45,train,True
MFCC,1329,4-165813-A-19.wav,4,19,thunderstorm,19,thunderstorm,True
MFCC,1330,4-165813-B-19.wav,4,19,thunderstorm,19,thunderstorm,True
MFCC,1331,4-165823-A-41.wav,4,41,chainsaw,41,chainsaw,True
MFCC,1332,4-165823-B-41.wav,4,41,chainsaw,49,hand_saw,False
MFCC,1333,4-165845-A-45.wav,4,45,train,45,train,True
MFCC,1334,4-165845-B-45.wav,4,45,train,45,train,True
MFCC,1335,4-165933-A-45.wav,4,45,train,40,helicopter,False
MFCC,1336,4-166661-A-10.wav,4,10,rain,11,sea_waves,False
MFCC,1337,4-167063-A-11.wav,4,11,sea_waves,11,sea_waves,True
MFCC,1338,4-167063-B-11.wav,4,11,sea_waves,11,sea_waves,True
MFCC,1339,4-167063-C-11.wav,4,11,sea_waves,11,sea_waves,True
MFCC,1340,4-167077-A-20.wav,4,20,crying_baby,20,crying_baby,True
MFCC,1341,4-167077-B-20.wav,4,20,crying_baby,20,crying_baby,True
MFCC,1342,4-167077-C-20.wav,4,20,crying_baby,20,crying_baby,True
MFCC,1343,4-167155-A-32.wav,4,32,keyboard_typing,4,frog,False
MFCC,1344,4-167571-A-26.wav,4,26,laughing,38,clock_tick,False
MFCC,1345,4-167642-A-21.wav,4,21,sneezing,39,glass_breaking,False
MFCC,1346,4-168155-A-15.wav,4,15,water_drops,15,water_drops,True
MFCC,1347,4-168446-A-45.wav,4,45,train,45,train,True
MFCC,1348,4-168868-A-17.wav,4,17,pouring_water,14,chirping_birds,False
MFCC,1349,4-169127-A-41.wav,4,41,chainsaw,23,breathing,False
MFCC,1350,4-169127-B-41.wav,4,41,chainsaw,7,insects,False
MFCC,1351,4-169508-A-37.wav,4,37,clock_alarm,37,clock_alarm,True
MFCC,1352,4-169726-A-24.wav,4,24,coughing,21,sneezing,False
MFCC,1353,4-170078-A-1.wav,4,1,rooster,26,laughing,False
MFCC,1354,4-170247-A-12.wav,4,12,crackling_fire,12,crackling_fire,True
MFCC,1355,4-170247-B-12.wav,4,12,crackling_fire,12,crackling_fire,True
MFCC,1356,4-171207-A-12.wav,4,12,crackling_fire,31,mouse_click,False
MFCC,1357,4-171396-A-24.wav,4,24,coughing,24,coughing,True
MFCC,1358,4-171519-A-21.wav,4,21,sneezing,21,sneezing,True
MFCC,1359,4-171652-A-44.wav,4,44,engine,10,rain,False
MFCC,1360,4-171706-A-23.wav,4,23,breathing,49,hand_saw,False
MFCC,1361,4-171823-A-13.wav,4,13,crickets,13,crickets,True
MFCC,1362,4-172143-A-13.wav,4,13,crickets,14,chirping_birds,False
MFCC,1363,4-172180-A-32.wav,4,32,keyboard_typing,31,mouse_click,False
MFCC,1364,4-172366-A-37.wav,4,37,clock_alarm,37,clock_alarm,True
MFCC,1365,4-172377-A-17.wav,4,17,pouring_water,17,pouring_water,True
MFCC,1366,4-172500-A-27.wav,4,27,brushing_teeth,10,rain,False
MFCC,1367,4-172500-B-27.wav,4,27,brushing_teeth,27,brushing_teeth,True
MFCC,1368,4-172500-C-27.wav,4,27,brushing_teeth,10,rain,False
MFCC,1369,4-172500-D-27.wav,4,27,brushing_teeth,25,footsteps,False
MFCC,1370,4-172732-A-36.wav,4,36,vacuum_cleaner,16,wind,False
MFCC,1371,4-172733-A-36.wav,4,36,vacuum_cleaner,16,wind,False
MFCC,1372,4-172734-A-36.wav,4,36,vacuum_cleaner,22,clapping,False
MFCC,1373,4-172736-A-36.wav,4,36,vacuum_cleaner,11,sea_waves,False
MFCC,1374,4-172736-B-36.wav,4,36,vacuum_cleaner,11,sea_waves,False
MFCC,1375,4-172742-A-32.wav,4,32,keyboard_typing,31,mouse_click,False
MFCC,1376,4-173865-A-9.wav,4,9,crow,9,crow,True
MFCC,1377,4-173865-B-9.wav,4,9,crow,9,crow,True
MFCC,1378,4-174797-A-15.wav,4,15,water_drops,34,can_opening,False
MFCC,1379,4-174860-A-3.wav,4,3,cow,18,toilet_flush,False
MFCC,1380,4-174860-B-3.wav,4,3,cow,7,insects,False
MFCC,1381,4-175000-A-40.wav,4,40,helicopter,19,thunderstorm,False
MFCC,1382,4-175000-B-40.wav,4,40,helicopter,19,thunderstorm,False
MFCC,1383,4-175000-C-40.wav,4,40,helicopter,47,airplane,False
MFCC,1384,4-175025-A-34.wav,4,34,can_opening,32,keyboard_typing,False
MFCC,1385,4-175845-A-43.wav,4,43,car_horn,43,car_horn,True
MFCC,1386,4-175846-A-43.wav,4,43,car_horn,43,car_horn,True
MFCC,1387,4-175855-A-43.wav,4,43,car_horn,43,car_horn,True
MFCC,1388,4-175856-A-43.wav,4,43,car_horn,43,car_horn,True
MFCC,1389,4-175945-A-38.wav,4,38,clock_tick,43,car_horn,False
MFCC,1390,4-176631-A-43.wav,4,43,car_horn,43,car_horn,True
MFCC,1391,4-176638-A-43.wav,4,43,car_horn,42,siren,False
MFCC,1392,4-176914-A-23.wav,4,23,breathing,21,sneezing,False
MFCC,1393,4-177243-A-32.wav,4,32,keyboard_typing,32,keyboard_typing,True
MFCC,1394,4-177250-A-10.wav,4,10,rain,10,rain,True
MFCC,1395,4-177835-A-24.wav,4,24,coughing,24,coughing,True
MFCC,1396,4-178402-A-43.wav,4,43,car_horn,42,siren,False
MFCC,1397,4-178881-A-45.wav,4,45,train,45,train,True
MFCC,1398,4-179836-A-34.wav,4,34,can_opening,34,can_opening,True
MFCC,1399,4-179984-A-38.wav,4,38,clock_tick,26,laughing,False
MFCC,1400,4-180337-A-28.wav,4,28,snoring,28,snoring,True
MFCC,1401,4-180380-A-10.wav,4,10,rain,10,rain,True
MFCC,1402,4-180453-A-17.wav,4,17,pouring_water,17,pouring_water,True
MFCC,1403,4-181035-A-38.wav,4,38,clock_tick,29,drinking_sipping,False
MFCC,1404,4-181286-A-10.wav,4,10,rain,10,rain,True
MFCC,1405,4-181362-A-13.wav,4,13,crickets,12,crackling_fire,False
MFCC,1406,4-181563-A-12.wav,4,12,crackling_fire,12,crackling_fire,True
MFCC,1407,4-181599-A-26.wav,4,26,laughing,5,cat,False
MFCC,1408,4-181628-A-17.wav,4,17,pouring_water,17,pouring_water,True
MFCC,1409,4-181707-A-32.wav,4,32,keyboard_typing,49,hand_saw,False
MFCC,1410,4-181708-A-32.wav,4,32,keyboard_typing,49,hand_saw,False
MFCC,1411,4-181865-A-38.wav,4,38,clock_tick,16,wind,False
MFCC,1412,4-181955-A-3.wav,4,3,cow,3,cow,True
MFCC,1413,4-181955-B-3.wav,4,3,cow,3,cow,True
MFCC,1414,4-181955-C-3.wav,4,3,cow,3,cow,True
MFCC,1415,4-181999-A-36.wav,4,36,vacuum_cleaner,36,vacuum_cleaner,True
MFCC,1416,4-182034-A-30.wav,4,30,door_wood_knock,30,door_wood_knock,True
MFCC,1417,4-182039-A-30.wav,4,30,door_wood_knock,30,door_wood_knock,True
MFCC,1418,4-182041-A-30.wav,4,30,door_wood_knock,30,door_wood_knock,True
MFCC,1419,4-182314-A-7.wav,4,7,insects,16,wind,False
MFCC,1420,4-182314-B-7.wav,4,7,insects,16,wind,False
MFCC,1421,4-182368-A-12.wav,4,12,crackling_fire,12,crackling_fire,True
MFCC,1422,4-182369-A-12.wav,4,12,crackling_fire,12,crackling_fire,True
MFCC,1423,4-182395-A-0.wav,4,0,dog,0,dog,True
MFCC,1424,4-182613-A-11.wav,4,11,sea_waves,11,sea_waves,True
MFCC,1425,4-182613-B-11.wav,4,11,sea_waves,11,sea_waves,True
MFCC,1426,4-182795-A-14.wav,4,14,chirping_birds,14,chirping_birds,True
MFCC,1427,4-182839-A-17.wav,4,17,pouring_water,46,church_bells,False
MFCC,1428,4-183487-A-1.wav,4,1,rooster,1,rooster,True
MFCC,1429,4-183882-A-28.wav,4,28,snoring,17,pouring_water,False
MFCC,1430,4-183882-B-28.wav,4,28,snoring,28,snoring,True
MFCC,1431,4-183992-A-0.wav,4,0,dog,0,dog,True
MFCC,1432,4-184235-A-28.wav,4,28,snoring,27,brushing_teeth,False
MFCC,1433,4-184237-A-28.wav,4,28,snoring,28,snoring,True
MFCC,1434,4-184434-A-21.wav,4,21,sneezing,21,sneezing,True
MFCC,1435,4-184575-A-0.wav,4,0,dog,0,dog,True
MFCC,1436,4-185415-A-21.wav,4,21,sneezing,39,glass_breaking,False
MFCC,1437,4-185575-A-20.wav,4,20,crying_baby,5,cat,False
MFCC,1438,4-185575-B-20.wav,4,20,crying_baby,20,crying_baby,True
MFCC,1439,4-185575-C-20.wav,4,20,crying_baby,20,crying_baby,True
MFCC,1440,4-185613-A-32.wav,4,32,keyboard_typing,17,pouring_water,False
MFCC,1441,4-185619-A-21.wav,4,21,sneezing,24,coughing,False
MFCC,1442,4-186518-A-30.wav,4,30,door_wood_knock,30,door_wood_knock,True
MFCC,1443,4-186693-A-17.wav,4,17,pouring_water,17,pouring_water,True
MFCC,1444,4-186935-A-44.wav,4,44,engine,1,rooster,False
MFCC,1445,4-186936-A-44.wav,4,44,engine,44,engine,True
MFCC,1446,4-186938-A-44.wav,4,44,engine,26,laughing,False
MFCC,1447,4-186940-A-44.wav,4,44,engine,33,door_wood_creaks,False
MFCC,1448,4-186962-A-44.wav,4,44,engine,44,engine,True
MFCC,1449,4-187284-A-30.wav,4,30,door_wood_knock,25,footsteps,False
MFCC,1450,4-187384-A-34.wav,4,34,can_opening,34,can_opening,True
MFCC,1451,4-187504-A-17.wav,4,17,pouring_water,17,pouring_water,True
MFCC,1452,4-187504-B-17.wav,4,17,pouring_water,17,pouring_water,True
MFCC,1453,4-187769-A-14.wav,4,14,chirping_birds,4,frog,False
MFCC,1454,4-187769-B-14.wav,4,14,chirping_birds,2,pig,False
MFCC,1455,4-188003-A-34.wav,4,34,can_opening,34,can_opening,True
MFCC,1456,4-188033-A-38.wav,4,38,clock_tick,30,door_wood_knock,False
MFCC,1457,4-188191-A-29.wav,4,29,drinking_sipping,17,pouring_water,False
MFCC,1458,4-188191-B-29.wav,4,29,drinking_sipping,3,cow,False
MFCC,1459,4-188191-C-29.wav,4,29,drinking_sipping,3,cow,False
MFCC,1460,4-188287-A-9.wav,4,9,crow,0,dog,False
MFCC,1461,4-188293-A-15.wav,4,15,water_drops,28,snoring,False
MFCC,1462,4-188293-B-15.wav,4,15,water_drops,28,snoring,False
MFCC,1463,4-188595-A-29.wav,4,29,drinking_sipping,22,clapping,False
MFCC,1464,4-188703-A-8.wav,4,8,sheep,29,drinking_sipping,False
MFCC,1465,4-188703-B-8.wav,4,8,sheep,29,drinking_sipping,False
MFCC,1466,4-188703-C-8.wav,4,8,sheep,19,thunderstorm,False
MFCC,1467,4-188703-D-8.wav,4,8,sheep,8,sheep,True
MFCC,1468,4-188878-A-30.wav,4,30,door_wood_knock,48,fireworks,False
MFCC,1469,4-189332-A-37.wav,4,37,clock_alarm,37,clock_alarm,True
MFCC,1470,4-189828-A-22.wav,4,22,clapping,22,clapping,True
MFCC,1471,4-189830-A-22.wav,4,22,clapping,11,sea_waves,False
MFCC,1472,4-189832-A-22.wav,4,22,clapping,22,clapping,True
MFCC,1473,4-189832-B-22.wav,4,22,clapping,22,clapping,True
MFCC,1474,4-189833-A-22.wav,4,22,clapping,22,clapping,True
MFCC,1475,4-189836-A-22.wav,4,22,clapping,22,clapping,True
MFCC,1476,4-189838-A-22.wav,4,22,clapping,22,clapping,True
MFCC,1477,4-191015-A-43.wav,4,43,car_horn,31,mouse_click,False
MFCC,1478,4-191246-A-7.wav,4,7,insects,7,insects,True
MFCC,1479,4-191246-B-7.wav,4,7,insects,2,pig,False
MFCC,1480,4-191297-A-28.wav,4,28,snoring,37,clock_alarm,False
MFCC,1481,4-191327-A-38.wav,4,38,clock_tick,38,clock_tick,True
MFCC,1482,4-191687-A-0.wav,4,0,dog,0,dog,True
MFCC,1483,4-192068-A-31.wav,4,31,mouse_click,14,chirping_birds,False
MFCC,1484,4-192236-A-0.wav,4,0,dog,0,dog,True
MFCC,1485,4-193480-A-40.wav,4,40,helicopter,40,helicopter,True
MFCC,1486,4-193480-B-40.wav,4,40,helicopter,40,helicopter,True
MFCC,1487,4-194246-A-13.wav,4,13,crickets,13,crickets,True
MFCC,1488,4-194680-A-36.wav,4,36,vacuum_cleaner,10,rain,False
MFCC,1489,4-194711-A-38.wav,4,38,clock_tick,49,hand_saw,False
MFCC,1490,4-194754-A-0.wav,4,0,dog,0,dog,True
MFCC,1491,4-194808-A-29.wav,4,29,drinking_sipping,29,drinking_sipping,True
MFCC,1492,4-194979-A-25.wav,4,25,footsteps,10,rain,False
MFCC,1493,4-194981-A-25.wav,4,25,footsteps,25,footsteps,True
MFCC,1494,4-195305-A-31.wav,4,31,mouse_click,3,cow,False
MFCC,1495,4-195451-A-44.wav,4,44,engine,33,door_wood_creaks,False
MFCC,1496,4-195497-A-11.wav,4,11,sea_waves,11,sea_waves,True
MFCC,1497,4-195497-B-11.wav,4,11,sea_waves,11,sea_waves,True
MFCC,1498,4-195707-A-13.wav,4,13,crickets,13,crickets,True
MFCC,1499,4-195805-A-13.wav,4,13,crickets,13,crickets,True
MFCC,1500,4-196671-A-8.wav,4,8,sheep,8,sheep,True
MFCC,1501,4-196671-B-8.wav,4,8,sheep,8,sheep,True
MFCC,1502,4-196672-A-8.wav,4,8,sheep,14,chirping_birds,False
MFCC,1503,4-197103-A-6.wav,4,6,hen,33,door_wood_creaks,False
MFCC,1504,4-197454-A-28.wav,4,28,snoring,28,snoring,True
MFCC,1505,4-197454-B-28.wav,4,28,snoring,28,snoring,True
MFCC,1506,4-197871-A-15.wav,4,15,water_drops,15,water_drops,True
MFCC,1507,4-198025-A-23.wav,4,23,breathing,32,keyboard_typing,False
MFCC,1508,4-198360-A-49.wav,4,49,hand_saw,10,rain,False
MFCC,1509,4-198360-B-49.wav,4,49,hand_saw,18,toilet_flush,False
MFCC,1510,4-198360-C-49.wav,4,49,hand_saw,18,toilet_flush,False
MFCC,1511,4-198841-A-37.wav,4,37,clock_alarm,37,clock_alarm,True
MFCC,1512,4-198962-A-25.wav,4,25,footsteps,48,fireworks,False
MFCC,1513,4-198962-B-25.wav,4,25,footsteps,19,thunderstorm,False
MFCC,1514,4-198965-A-38.wav,4,38,clock_tick,15,water_drops,False
MFCC,1515,4-199261-A-0.wav,4,0,dog,26,laughing,False
MFCC,1516,4-200330-A-6.wav,4,6,hen,41,chainsaw,False
MFCC,1517,4-200330-B-6.wav,4,6,hen,41,chainsaw,False
MFCC,1518,4-201300-A-31.wav,4,31,mouse_click,39,glass_breaking,False
MFCC,1519,4-201800-A-31.wav,4,31,mouse_click,31,mouse_click,True
MFCC,1520,4-201988-A-44.wav,4,44,engine,28,snoring,False
MFCC,1521,4-202298-A-31.wav,4,31,mouse_click,17,pouring_water,False
MFCC,1522,4-202749-A-13.wav,4,13,crickets,13,crickets,True
MFCC,1523,4-204115-A-39.wav,4,39,glass_breaking,23,breathing,False
MFCC,1524,4-204119-A-39.wav,4,39,glass_breaking,34,can_opening,False
MFCC,1525,4-204121-A-39.wav,4,39,glass_breaking,23,breathing,False
MFCC,1526,4-204123-A-39.wav,4,39,glass_breaking,34,can_opening,False
MFCC,1527,4-204202-A-29.wav,4,29,drinking_sipping,26,laughing,False
MFCC,1528,4-204612-A-31.wav,4,31,mouse_click,38,clock_tick,False
MFCC,1529,4-204618-A-11.wav,4,11,sea_waves,46,church_bells,False
MFCC,1530,4-204683-A-31.wav,4,31,mouse_click,44,engine,False
MFCC,1531,4-204684-A-37.wav,4,37,clock_alarm,37,clock_alarm,True
MFCC,1532,4-204777-A-39.wav,4,39,glass_breaking,2,pig,False
MFCC,1533,4-204777-B-39.wav,4,39,glass_breaking,39,glass_breaking,True
MFCC,1534,4-204777-C-39.wav,4,39,glass_breaking,39,glass_breaking,True
MFCC,1535,4-204830-A-6.wav,4,6,hen,22,clapping,False
MFCC,1536,4-205526-A-23.wav,4,23,breathing,11,sea_waves,False
MFCC,1537,4-205526-B-23.wav,4,23,breathing,11,sea_waves,False
MFCC,1538,4-205738-A-22.wav,4,22,clapping,22,clapping,True
MFCC,1539,4-207116-A-23.wav,4,23,breathing,33,door_wood_creaks,False
MFCC,1540,4-207124-A-0.wav,4,0,dog,0,dog,True
MFCC,1541,4-208021-A-1.wav,4,1,rooster,6,hen,False
MFCC,1542,4-209536-A-37.wav,4,37,clock_alarm,37,clock_alarm,True
MFCC,1543,4-209698-A-37.wav,4,37,clock_alarm,37,clock_alarm,True
MFCC,1544,4-210000-A-23.wav,4,23,breathing,22,clapping,False
MFCC,1545,4-210000-B-23.wav,4,23,breathing,22,clapping,False
MFCC,1546,4-210309-A-31.wav,4,31,mouse_click,21,sneezing,False
MFCC,1547,4-210593-A-29.wav,4,29,drinking_sipping,25,footsteps,False
MFCC,1548,4-211502-A-30.wav,4,30,door_wood_knock,30,door_wood_knock,True
MFCC,1549,4-212604-A-15.wav,4,15,water_drops,28,snoring,False
MFCC,1550,4-212604-B-15.wav,4,15,water_drops,15,water_drops,True
MFCC,1551,4-212604-C-15.wav,4,15,water_drops,29,drinking_sipping,False
MFCC,1552,4-212698-A-39.wav,4,39,glass_breaking,24,coughing,False
MFCC,1553,4-212728-A-34.wav,4,34,can_opening,34,can_opening,True
MFCC,1554,4-213193-A-29.wav,4,29,drinking_sipping,29,drinking_sipping,True
MFCC,1555,4-213915-A-3.wav,4,3,cow,46,church_bells,False
MFCC,1556,4-213915-B-3.wav,4,3,cow,46,church_bells,False
MFCC,1557,4-213915-C-3.wav,4,3,cow,46,church_bells,False
MFCC,1558,4-215635-A-34.wav,4,34,can_opening,34,can_opening,True
MFCC,1559,4-216211-A-14.wav,4,14,chirping_birds,14,chirping_birds,True
MFCC,1560,4-216349-A-34.wav,4,34,can_opening,34,can_opening,True
MFCC,1561,4-218199-A-35.wav,4,35,washing_machine,35,washing_machine,True
MFCC,1562,4-218199-B-35.wav,4,35,washing_machine,40,helicopter,False
MFCC,1563,4-218199-C-35.wav,4,35,washing_machine,13,crickets,False
MFCC,1564,4-218199-D-35.wav,4,35,washing_machine,13,crickets,False
MFCC,1565,4-218199-E-35.wav,4,35,washing_machine,45,train,False
MFCC,1566,4-218199-F-35.wav,4,35,washing_machine,45,train,False
MFCC,1567,4-218199-G-35.wav,4,35,washing_machine,41,chainsaw,False
MFCC,1568,4-218199-H-35.wav,4,35,washing_machine,41,chainsaw,False
MFCC,1569,4-218304-A-25.wav,4,25,footsteps,25,footsteps,True
MFCC,1570,4-218304-B-25.wav,4,25,footsteps,25,footsteps,True
MFCC,1571,4-223125-A-14.wav,4,14,chirping_birds,37,clock_alarm,False
MFCC,1572,4-223127-A-14.wav,4,14,chirping_birds,14,chirping_birds,True
MFCC,1573,4-232495-A-6.wav,4,6,hen,6,hen,True
MFCC,1574,4-234644-A-2.wav,4,2,pig,2,pig,True
MFCC,1575,4-234879-A-6.wav,4,6,hen,6,hen,True
MFCC,1576,4-244318-A-6.wav,4,6,hen,6,hen,True
MFCC,1577,4-250864-A-8.wav,4,8,sheep,20,crying_baby,False
MFCC,1578,4-250869-A-2.wav,4,2,pig,2,pig,True
MFCC,1579,4-250869-B-2.wav,4,2,pig,2,pig,True
MFCC,1580,4-250869-C-2.wav,4,2,pig,2,pig,True
MFCC,1581,4-251645-A-49.wav,4,49,hand_saw,18,toilet_flush,False
MFCC,1582,4-251645-B-49.wav,4,49,hand_saw,18,toilet_flush,False
MFCC,1583,4-251959-A-47.wav,4,47,airplane,47,airplane,True
MFCC,1584,4-253649-A-6.wav,4,6,hen,42,siren,False
MFCC,1585,4-255371-A-47.wav,4,47,airplane,47,airplane,True
MFCC,1586,4-261068-A-30.wav,4,30,door_wood_knock,29,drinking_sipping,False
MFCC,1587,4-264453-A-34.wav,4,34,can_opening,17,pouring_water,False
MFCC,1588,4-59579-A-20.wav,4,20,crying_baby,20,crying_baby,True
MFCC,1589,4-59579-B-20.wav,4,20,crying_baby,20,crying_baby,True
MFCC,1590,4-67358-A-42.wav,4,42,siren,42,siren,True
MFCC,1591,4-80761-A-42.wav,4,42,siren,42,siren,True
MFCC,1592,4-90014-A-42.wav,4,42,siren,42,siren,True
MFCC,1593,4-90014-B-42.wav,4,42,siren,42,siren,True
MFCC,1594,4-99193-A-4.wav,4,4,frog,3,cow,False
MFCC,1595,4-99193-B-4.wav,4,4,frog,3,cow,False
MFCC,1596,4-99644-A-4.wav,4,4,frog,4,frog,True
MFCC,1597,4-99644-B-4.wav,4,4,frog,13,crickets,False
MFCC,1598,4-99644-C-4.wav,4,4,frog,37,clock_alarm,False
MFCC,1599,4-99644-D-4.wav,4,4,frog,4,frog,True
MFCC,1600,5-103415-A-2.wav,5,2,pig,2,pig,True
MFCC,1601,5-103416-A-2.wav,5,2,pig,5,cat,False
MFCC,1602,5-103418-A-2.wav,5,2,pig,29,drinking_sipping,False
MFCC,1603,5-103420-A-2.wav,5,2,pig,5,cat,False
MFCC,1604,5-103421-A-2.wav,5,2,pig,26,laughing,False
MFCC,1605,5-103422-A-2.wav,5,2,pig,31,mouse_click,False
MFCC,1606,5-117118-A-42.wav,5,42,siren,37,clock_alarm,False
MFCC,1607,5-117120-A-42.wav,5,42,siren,42,siren,True
MFCC,1608,5-117122-A-42.wav,5,42,siren,37,clock_alarm,False
MFCC,1609,5-117250-A-2.wav,5,2,pig,30,door_wood_knock,False
MFCC,1610,5-117773-A-16.wav,5,16,wind,16,wind,True
MFCC,1611,5-127990-A-2.wav,5,2,pig,2,pig,True
MFCC,1612,5-133989-A-42.wav,5,42,siren,37,clock_alarm,False
MFCC,1613,5-133989-B-42.wav,5,42,siren,42,siren,True
MFCC,1614,5-141683-A-35.wav,5,35,washing_machine,35,washing_machine,True
MFCC,1615,5-147297-A-27.wav,5,27,brushing_teeth,27,brushing_teeth,True
MFCC,1616,5-150409-A-42.wav,5,42,siren,46,church_bells,False
MFCC,1617,5-151085-A-20.wav,5,20,crying_baby,20,crying_baby,True
MFCC,1618,5-156026-A-4.wav,5,4,frog,0,dog,False
MFCC,1619,5-156026-B-4.wav,5,4,frog,29,drinking_sipping,False
MFCC,1620,5-156026-C-4.wav,5,4,frog,48,fireworks,False
MFCC,1621,5-156026-D-4.wav,5,4,frog,0,dog,False
MFCC,1622,5-156698-A-18.wav,5,18,toilet_flush,14,chirping_birds,False
MFCC,1623,5-156999-A-19.wav,5,19,thunderstorm,19,thunderstorm,True
MFCC,1624,5-156999-B-19.wav,5,19,thunderstorm,25,footsteps,False
MFCC,1625,5-156999-C-19.wav,5,19,thunderstorm,19,thunderstorm,True
MFCC,1626,5-156999-D-19.wav,5,19,thunderstorm,19,thunderstorm,True
MFCC,1627,5-156999-E-19.wav,5,19,thunderstorm,19,thunderstorm,True
MFCC,1628,5-157204-A-16.wav,5,16,wind,43,car_horn,False
MFCC,1629,5-157204-B-16.wav,5,16,wind,44,engine,False
MFCC,1630,5-160551-A-42.wav,5,42,siren,2,pig,False
MFCC,1631,5-160614-A-48.wav,5,48,fireworks,2,pig,False
MFCC,1632,5-160614-B-48.wav,5,48,fireworks,22,clapping,False
MFCC,1633,5-160614-C-48.wav,5,48,fireworks,2,pig,False
MFCC,1634,5-160614-D-48.wav,5,48,fireworks,2,pig,False
MFCC,1635,5-160614-E-48.wav,5,48,fireworks,47,airplane,False
MFCC,1636,5-160614-F-48.wav,5,48,fireworks,2,pig,False
MFCC,1637,5-160614-G-48.wav,5,48,fireworks,2,pig,False
MFCC,1638,5-160614-H-48.wav,5,48,fireworks,38,clock_tick,False
MFCC,1639,5-161270-A-33.wav,5,33,door_wood_creaks,7,insects,False
MFCC,1640,5-161270-B-33.wav,5,33,door_wood_creaks,7,insects,False
MFCC,1641,5-169983-A-5.wav,5,5,cat,14,chirping_birds,False
MFCC,1642,5-170338-A-41.wav,5,41,chainsaw,45,train,False
MFCC,1643,5-170338-B-41.wav,5,41,chainsaw,41,chainsaw,True
MFCC,1644,5-171118-A-26.wav,5,26,laughing,26,laughing,True
MFCC,1645,5-171653-A-41.wav,5,41,chainsaw,41,chainsaw,True
MFCC,1646,5-172299-A-5.wav,5,5,cat,20,crying_baby,False
MFCC,1647,5-172639-A-5.wav,5,5,cat,5,cat,True
MFCC,1648,5-173568-A-33.wav,5,33,door_wood_creaks,1,rooster,False
MFCC,1649,5-177034-A-18.wav,5,18,toilet_flush,18,toilet_flush,True
MFCC,1650,5-177614-A-5.wav,5,5,cat,5,cat,True
MFCC,1651,5-177779-A-33.wav,5,33,door_wood_creaks,49,hand_saw,False
MFCC,1652,5-177957-A-40.wav,5,40,helicopter,43,car_horn,False
MFCC,1653,5-177957-B-40.wav,5,40,helicopter,47,airplane,False
MFCC,1654,5-177957-C-40.wav,5,40,helicopter,13,crickets,False
MFCC,1655,5-177957-D-40.wav,5,40,helicopter,40,helicopter,True
MFCC,1656,5-177957-E-40.wav,5,40,helicopter,35,washing_machine,False
MFCC,1657,5-178997-A-24.wav,5,24,coughing,2,pig,False
MFCC,1658,5-179294-A-46.wav,5,46,church_bells,46,church_bells,True
MFCC,1659,5-179496-A-16.wav,5,16,wind,44,engine,False
MFCC,1660,5-179496-B-16.wav,5,16,wind,46,church_bells,False
MFCC,1661,5-179860-A-43.wav,5,43,car_horn,29,drinking_sipping,False
MFCC,1662,5-179863-A-43.wav,5,43,car_horn,43,car_horn,True
MFCC,1663,5-179865-A-43.wav,5,43,car_horn,43,car_horn,True
MFCC,1664,5-179866-A-43.wav,5,43,car_horn,43,car_horn,True
MFCC,1665,5-179868-A-43.wav,5,43,car_horn,46,church_bells,False
MFCC,1666,5-180156-A-43.wav,5,43,car_horn,43,car_horn,True
MFCC,1667,5-180156-B-43.wav,5,43,car_horn,2,pig,False
MFCC,1668,5-180156-C-43.wav,5,43,car_horn,46,church_bells,False
MFCC,1669,5-180229-A-27.wav,5,27,brushing_teeth,27,brushing_teeth,True
MFCC,1670,5-181458-A-33.wav,5,33,door_wood_creaks,5,cat,False
MFCC,1671,5-181766-A-10.wav,5,10,rain,10,rain,True
MFCC,1672,5-181977-A-35.wav,5,35,washing_machine,36,vacuum_cleaner,False
MFCC,1673,5-182007-A-36.wav,5,36,vacuum_cleaner,36,vacuum_cleaner,True
MFCC,1674,5-182010-A-36.wav,5,36,vacuum_cleaner,13,crickets,False
MFCC,1675,5-182012-A-36.wav,5,36,vacuum_cleaner,13,crickets,False
MFCC,1676,5-182404-A-18.wav,5,18,toilet_flush,36,vacuum_cleaner,False
MFCC,1677,5-184323-A-42.wav,5,42,siren,42,siren,True
MFCC,1678,5-184871-A-24.wav,5,24,coughing,24,coughing,True
MFCC,1679,5-185516-A-27.wav,5,27,brushing_teeth,27,brushing_teeth,True
MFCC,1680,5-185579-A-41.wav,5,41,chainsaw,41,chainsaw,True
MFCC,1681,5-185579-B-41.wav,5,41,chainsaw,41,chainsaw,True
MFCC,1682,5-185908-A-18.wav,5,18,toilet_flush,22,clapping,False
MFCC,1683,5-186924-A-12.wav,5,12,crackling_fire,10,rain,False
MFCC,1684,5-187201-A-4.wav,5,4,frog,4,frog,True
MFCC,1685,5-187201-B-4.wav,5,4,frog,4,frog,True
MFCC,1686,5-187444-A-33.wav,5,33,door_wood_creaks,37,clock_alarm,False
MFCC,1687,5-187979-A-21.wav,5,21,sneezing,21,sneezing,True
MFCC,1688,5-188365-A-36.wav,5,36,vacuum_cleaner,36,vacuum_cleaner,True
MFCC,1689,5-188495-A-19.wav,5,19,thunderstorm,19,thunderstorm,True
MFCC,1690,5-188606-A-33.wav,5,33,door_wood_creaks,24,coughing,False
MFCC,1691,5-188655-A-10.wav,5,10,rain,44,engine,False
MFCC,1692,5-188716-A-46.wav,5,46,church_bells,46,church_bells,True
MFCC,1693,5-188796-A-45.wav,5,45,train,45,train,True
MFCC,1694,5-188945-A-45.wav,5,45,train,45,train,True
MFCC,1695,5-189212-A-12.wav,5,12,crackling_fire,12,crackling_fire,True
MFCC,1696,5-189237-A-12.wav,5,12,crackling_fire,7,insects,False
MFCC,1697,5-189795-A-4.wav,5,4,frog,4,frog,True
MFCC,1698,5-191131-A-40.wav,5,40,helicopter,45,train,False
MFCC,1699,5-191497-A-33.wav,5,33,door_wood_creaks,26,laughing,False
MFCC,1700,5-192191-A-19.wav,5,19,thunderstorm,19,thunderstorm,True
MFCC,1701,5-193339-A-10.wav,5,10,rain,10,rain,True
MFCC,1702,5-193473-A-12.wav,5,12,crackling_fire,32,keyboard_typing,False
MFCC,1703,5-193473-B-12.wav,5,12,crackling_fire,32,keyboard_typing,False
MFCC,1704,5-194533-A-21.wav,5,21,sneezing,15,water_drops,False
MFCC,1705,5-194892-A-10.wav,5,10,rain,10,rain,True
MFCC,1706,5-194899-A-3.wav,5,3,cow,6,hen,False
MFCC,1707,5-194899-B-3.wav,5,3,cow,6,hen,False
MFCC,1708,5-194899-C-3.wav,5,3,cow,3,cow,True
MFCC,1709,5-194899-D-3.wav,5,3,cow,26,laughing,False
MFCC,1710,5-194930-A-1.wav,5,1,rooster,0,dog,False
MFCC,1711,5-194930-B-1.wav,5,1,rooster,1,rooster,True
MFCC,1712,5-194932-A-7.wav,5,7,insects,37,clock_alarm,False
MFCC,1713,5-195517-A-7.wav,5,7,insects,7,insects,True
MFCC,1714,5-195518-A-7.wav,5,7,insects,3,cow,False
MFCC,1715,5-195557-A-19.wav,5,19,thunderstorm,19,thunderstorm,True
MFCC,1716,5-195710-A-10.wav,5,10,rain,10,rain,True
MFCC,1717,5-197118-A-45.wav,5,45,train,18,toilet_flush,False
MFCC,1718,5-197121-A-45.wav,5,45,train,25,footsteps,False
MFCC,1719,5-197121-B-45.wav,5,45,train,45,train,True
MFCC,1720,5-197446-A-7.wav,5,7,insects,7,insects,True
MFCC,1721,5-197913-A-18.wav,5,18,toilet_flush,18,toilet_flush,True
MFCC,1722,5-197988-A-46.wav,5,46,church_bells,46,church_bells,True
MFCC,1723,5-198278-A-7.wav,5,7,insects,16,wind,False
MFCC,1724,5-198278-B-7.wav,5,7,insects,16,wind,False
MFCC,1725,5-198278-C-7.wav,5,7,insects,16,wind,False
MFCC,1726,5-198321-A-10.wav,5,10,rain,10,rain,True
MFCC,1727,5-198373-A-46.wav,5,46,church_bells,46,church_bells,True
MFCC,1728,5-198411-A-20.wav,5,20,crying_baby,20,crying_baby,True
MFCC,1729,5-198411-B-20.wav,5,20,crying_baby,20,crying_baby,True
MFCC,1730,5-198411-C-20.wav,5,20,crying_baby,20,crying_baby,True
MFCC,1731,5-198411-D-20.wav,5,20,crying_baby,20,crying_baby,True
MFCC,1732,5-198411-E-20.wav,5,20,crying_baby,20,crying_baby,True
MFCC,1733,5-198411-F-20.wav,5,20,crying_baby,20,crying_baby,True
MFCC,1734,5-198411-G-20.wav,5,20,crying_baby,20,crying_baby,True
MFCC,1735,5-198600-A-45.wav,5,45,train,45,train,True
MFCC,1736,5-198891-A-8.wav,5,8,sheep,32,keyboard_typing,False
MFCC,1737,5-198891-B-8.wav,5,8,sheep,8,sheep,True
MFCC,1738,5-198891-C-8.wav,5,8,sheep,0,dog,False
MFCC,1739,5-198891-D-8.wav,5,8,sheep,8,sheep,True
MFCC,1740,5-199284-A-45.wav,5,45,train,28,snoring,False
MFCC,1741,5-199284-B-45.wav,5,45,train,36,vacuum_cleaner,False
MFCC,1742,5-200329-A-8.wav,5,8,sheep,8,sheep,True
MFCC,1743,5-200329-B-8.wav,5,8,sheep,8,sheep,True
MFCC,1744,5-200329-C-8.wav,5,8,sheep,8,sheep,True
MFCC,1745,5-200334-A-1.wav,5,1,rooster,1,rooster,True
MFCC,1746,5-200334-B-1.wav,5,1,rooster,1,rooster,True
MFCC,1747,5-200339-A-1.wav,5,1,rooster,1,rooster,True
MFCC,1748,5-200461-A-11.wav,5,11,sea_waves,11,sea_waves,True
MFCC,1749,5-200461-B-11.wav,5,11,sea_waves,11,sea_waves,True
MFCC,1750,5-201170-A-46.wav,5,46,church_bells,46,church_bells,True
MFCC,1751,5-201172-A-46.wav,5,46,church_bells,46,church_bells,True
MFCC,1752,5-201194-A-38.wav,5,38,clock_tick,0,dog,False
MFCC,1753,5-201274-A-21.wav,5,21,sneezing,21,sneezing,True
MFCC,1754,5-201664-A-18.wav,5,18,toilet_flush,18,toilet_flush,True
MFCC,1755,5-202020-A-18.wav,5,18,toilet_flush,18,toilet_flush,True
MFCC,1756,5-202220-A-21.wav,5,21,sneezing,26,laughing,False
MFCC,1757,5-202540-A-18.wav,5,18,toilet_flush,18,toilet_flush,True
MFCC,1758,5-202795-A-3.wav,5,3,cow,3,cow,True
MFCC,1759,5-202898-A-10.wav,5,10,rain,10,rain,True
MFCC,1760,5-203128-A-0.wav,5,0,dog,6,hen,False
MFCC,1761,5-203128-B-0.wav,5,0,dog,26,laughing,False
MFCC,1762,5-203739-A-10.wav,5,10,rain,10,rain,True
MFCC,1763,5-204114-A-29.wav,5,29,drinking_sipping,27,brushing_teeth,False
MFCC,1764,5-204352-A-13.wav,5,13,crickets,37,clock_alarm,False
MFCC,1765,5-204352-B-13.wav,5,13,crickets,37,clock_alarm,False
MFCC,1766,5-204604-A-24.wav,5,24,coughing,21,sneezing,False
MFCC,1767,5-204741-A-46.wav,5,46,church_bells,46,church_bells,True
MFCC,1768,5-205090-A-32.wav,5,32,keyboard_typing,8,sheep,False
MFCC,1769,5-205589-A-17.wav,5,17,pouring_water,17,pouring_water,True
MFCC,1770,5-205589-B-17.wav,5,17,pouring_water,17,pouring_water,True
MFCC,1771,5-205898-A-40.wav,5,40,helicopter,35,washing_machine,False
MFCC,1772,5-207681-A-24.wav,5,24,coughing,21,sneezing,False
MFCC,1773,5-207781-A-17.wav,5,17,pouring_water,17,pouring_water,True
MFCC,1774,5-207811-A-35.wav,5,35,washing_machine,10,rain,False
MFCC,1775,5-207811-B-35.wav,5,35,washing_machine,46,church_bells,False
MFCC,1776,5-207836-A-29.wav,5,29,drinking_sipping,32,keyboard_typing,False
MFCC,1777,5-207836-B-29.wav,5,29,drinking_sipping,32,keyboard_typing,False
MFCC,1778,5-207836-C-29.wav,5,29,drinking_sipping,17,pouring_water,False
MFCC,1779,5-207836-D-29.wav,5,29,drinking_sipping,2,pig,False
MFCC,1780,5-208030-A-0.wav,5,0,dog,17,pouring_water,False
MFCC,1781,5-208624-A-38.wav,5,38,clock_tick,33,door_wood_creaks,False
MFCC,1782,5-208761-A-24.wav,5,24,coughing,24,coughing,True
MFCC,1783,5-208810-A-11.wav,5,11,sea_waves,11,sea_waves,True
MFCC,1784,5-208810-B-11.wav,5,11,sea_waves,11,sea_waves,True
MFCC,1785,5-209698-A-38.wav,5,38,clock_tick,37,clock_alarm,False
MFCC,1786,5-209719-A-24.wav,5,24,coughing,24,coughing,True
MFCC,1787,5-209833-A-38.wav,5,38,clock_tick,37,clock_alarm,False
MFCC,1788,5-209989-A-22.wav,5,22,clapping,25,footsteps,False
MFCC,1789,5-209992-A-44.wav,5,44,engine,44,engine,True
MFCC,1790,5-209992-B-44.wav,5,44,engine,44,engine,True
MFCC,1791,5-210540-A-13.wav,5,13,crickets,13,crickets,True
MFCC,1792,5-210571-A-38.wav,5,38,clock_tick,24,coughing,False
MFCC,1793,5-210612-A-37.wav,5,37,clock_alarm,37,clock_alarm,True
MFCC,1794,5-211197-A-24.wav,5,24,coughing,24,coughing,True
MFCC,1795,5-211408-A-37.wav,5,37,clock_alarm,37,clock_alarm,True
MFCC,1796,5-212050-A-27.wav,5,27,brushing_teeth,27,brushing_teeth,True
MFCC,1797,5-212054-A-36.wav,5,36,vacuum_cleaner,46,church_bells,False
MFCC,1798,5-212059-A-36.wav,5,36,vacuum_cleaner,49,hand_saw,False
MFCC,1799,5-212181-A-38.wav,5,38,clock_tick,30,door_wood_knock,False
MFCC,1800,5-212454-A-0.wav,5,0,dog,0,dog,True
MFCC,1801,5-212730-A-17.wav,5,17,pouring_water,17,pouring_water,True
MFCC,1802,5-212734-A-17.wav,5,17,pouring_water,17,pouring_water,True
MFCC,1803,5-212736-A-17.wav,5,17,pouring_water,17,pouring_water,True
MFCC,1804,5-213077-A-11.wav,5,11,sea_waves,45,train,False
MFCC,1805,5-213293-A-23.wav,5,23,breathing,23,breathing,True
MFCC,1806,5-213802-A-12.wav,5,12,crackling_fire,12,crackling_fire,True
MFCC,1807,5-213836-A-9.wav,5,9,crow,9,crow,True
MFCC,1808,5-213836-B-9.wav,5,9,crow,9,crow,True
MFCC,1809,5-213836-C-9.wav,5,9,crow,9,crow,True
MFCC,1810,5-213836-D-9.wav,5,9,crow,9,crow,True
MFCC,1811,5-213855-A-0.wav,5,0,dog,0,dog,True
MFCC,1812,5-214362-A-17.wav,5,17,pouring_water,17,pouring_water,True
MFCC,1813,5-214759-A-5.wav,5,5,cat,5,cat,True
MFCC,1814,5-214759-B-5.wav,5,5,cat,5,cat,True
MFCC,1815,5-214869-A-9.wav,5,9,crow,9,crow,True
MFCC,1816,5-215005-A-32.wav,5,32,keyboard_typing,23,breathing,False
MFCC,1817,5-215172-A-13.wav,5,13,crickets,37,clock_alarm,False
MFCC,1818,5-215179-A-13.wav,5,13,crickets,44,engine,False
MFCC,1819,5-215445-A-47.wav,5,47,airplane,47,airplane,True
MFCC,1820,5-215447-A-47.wav,5,47,airplane,40,helicopter,False
MFCC,1821,5-215449-A-47.wav,5,47,airplane,40,helicopter,False
MFCC,1822,5-215634-A-17.wav,5,17,pouring_water,17,pouring_water,True
MFCC,1823,5-215658-A-12.wav,5,12,crackling_fire,15,water_drops,False
MFCC,1824,5-215658-B-12.wav,5,12,crackling_fire,45,train,False
MFCC,1825,5-216131-A-32.wav,5,32,keyboard_typing,32,keyboard_typing,True
MFCC,1826,5-216213-A-13.wav,5,13,crickets,42,siren,False
MFCC,1827,5-216214-A-13.wav,5,13,crickets,13,crickets,True
MFCC,1828,5-216216-A-13.wav,5,13,crickets,37,clock_alarm,False
MFCC,1829,5-216368-A-28.wav,5,28,snoring,38,clock_tick,False
MFCC,1830,5-216370-A-41.wav,5,41,chainsaw,11,sea_waves,False
MFCC,1831,5-216370-B-41.wav,5,41,chainsaw,10,rain,False
MFCC,1832,5-217158-A-0.wav,5,0,dog,0,dog,True
MFCC,1833,5-217186-A-16.wav,5,16,wind,16,wind,True
MFCC,1834,5-217186-B-16.wav,5,16,wind,16,wind,True
MFCC,1835,5-217186-C-16.wav,5,16,wind,16,wind,True
MFCC,1836,5-218196-A-27.wav,5,27,brushing_teeth,27,brushing_teeth,True
MFCC,1837,5-218196-B-27.wav,5,27,brushing_teeth,27,brushing_teeth,True
MFCC,1838,5-218494-A-22.wav,5,22,clapping,22,clapping,True
MFCC,1839,5-218980-A-30.wav,5,30,door_wood_knock,30,door_wood_knock,True
MFCC,1840,5-218981-A-30.wav,5,30,door_wood_knock,30,door_wood_knock,True
MFCC,1841,5-219044-A-46.wav,5,46,church_bells,46,church_bells,True
MFCC,1842,5-219242-A-37.wav,5,37,clock_alarm,37,clock_alarm,True
MFCC,1843,5-219242-B-37.wav,5,37,clock_alarm,37,clock_alarm,True
MFCC,1844,5-219318-A-31.wav,5,31,mouse_click,28,snoring,False
MFCC,1845,5-219342-A-38.wav,5,38,clock_tick,6,hen,False
MFCC,1846,5-219379-A-11.wav,5,11,sea_waves,11,sea_waves,True
MFCC,1847,5-219379-B-11.wav,5,11,sea_waves,11,sea_waves,True
MFCC,1848,5-219379-C-11.wav,5,11,sea_waves,11,sea_waves,True
MFCC,1849,5-220026-A-21.wav,5,21,sneezing,21,sneezing,True
MFCC,1850,5-220027-A-21.wav,5,21,sneezing,6,hen,False
MFCC,1851,5-220939-A-27.wav,5,27,brushing_teeth,17,pouring_water,False
MFCC,1852,5-220955-A-40.wav,5,40,helicopter,19,thunderstorm,False
MFCC,1853,5-221518-A-21.wav,5,21,sneezing,17,pouring_water,False
MFCC,1854,5-221528-A-39.wav,5,39,glass_breaking,15,water_drops,False
MFCC,1855,5-221529-A-39.wav,5,39,glass_breaking,34,can_opening,False
MFCC,1856,5-221567-A-22.wav,5,22,clapping,48,fireworks,False
MFCC,1857,5-221568-A-22.wav,5,22,clapping,22,clapping,True
MFCC,1858,5-221593-A-21.wav,5,21,sneezing,21,sneezing,True
MFCC,1859,5-221878-A-34.wav,5,34,can_opening,34,can_opening,True
MFCC,1860,5-221950-A-22.wav,5,22,clapping,0,dog,False
MFCC,1861,5-222041-A-9.wav,5,9,crow,9,crow,True
MFCC,1862,5-222524-A-41.wav,5,41,chainsaw,35,washing_machine,False
MFCC,1863,5-222894-A-32.wav,5,32,keyboard_typing,32,keyboard_typing,True
MFCC,1864,5-223099-A-32.wav,5,32,keyboard_typing,32,keyboard_typing,True
MFCC,1865,5-223099-B-32.wav,5,32,keyboard_typing,32,keyboard_typing,True
MFCC,1866,5-223103-A-31.wav,5,31,mouse_click,29,drinking_sipping,False
MFCC,1867,5-223176-A-37.wav,5,37,clock_alarm,37,clock_alarm,True
MFCC,1868,5-223317-A-31.wav,5,31,mouse_click,38,clock_tick,False
MFCC,1869,5-223810-A-35.wav,5,35,washing_machine,47,airplane,False
MFCC,1870,5-231551-A-36.wav,5,36,vacuum_cleaner,49,hand_saw,False
MFCC,1871,5-231762-A-0.wav,5,0,dog,0,dog,True
MFCC,1872,5-232272-A-44.wav,5,44,engine,10,rain,False
MFCC,1873,5-232802-A-31.wav,5,31,mouse_click,31,mouse_click,True
MFCC,1874,5-232816-A-23.wav,5,23,breathing,25,footsteps,False
MFCC,1875,5-233019-A-31.wav,5,31,mouse_click,2,pig,False
MFCC,1876,5-233160-A-1.wav,5,1,rooster,1,rooster,True
MFCC,1877,5-233260-A-23.wav,5,23,breathing,25,footsteps,False
MFCC,1878,5-233312-A-28.wav,5,28,snoring,28,snoring,True
MFCC,1879,5-233605-A-39.wav,5,39,glass_breaking,21,sneezing,False
MFCC,1880,5-233607-A-39.wav,5,39,glass_breaking,39,glass_breaking,True
MFCC,1881,5-233645-A-37.wav,5,37,clock_alarm,37,clock_alarm,True
MFCC,1882,5-233787-A-7.wav,5,7,insects,41,chainsaw,False
MFCC,1883,5-234145-A-28.wav,5,28,snoring,32,keyboard_typing,False
MFCC,1884,5-234247-A-37.wav,5,37,clock_alarm,46,church_bells,False
MFCC,1885,5-234263-A-25.wav,5,25,footsteps,30,door_wood_knock,False
MFCC,1886,5-234335-A-23.wav,5,23,breathing,23,breathing,True
MFCC,1887,5-234855-A-25.wav,5,25,footsteps,32,keyboard_typing,False
MFCC,1888,5-234879-A-1.wav,5,1,rooster,1,rooster,True
MFCC,1889,5-234879-B-1.wav,5,1,rooster,1,rooster,True
MFCC,1890,5-234923-A-32.wav,5,32,keyboard_typing,27,brushing_teeth,False
MFCC,1891,5-235507-A-44.wav,5,44,engine,16,wind,False
MFCC,1892,5-235593-A-23.wav,5,23,breathing,4,frog,False
MFCC,1893,5-235644-A-30.wav,5,30,door_wood_knock,30,door_wood_knock,True
MFCC,1894,5-235671-A-38.wav,5,38,clock_tick,25,footsteps,False
MFCC,1895,5-235874-A-28.wav,5,28,snoring,15,water_drops,False
MFCC,1896,5-235893-A-28.wav,5,28,snoring,3,cow,False
MFCC,1897,5-235956-A-47.wav,5,47,airplane,40,helicopter,False
MFCC,1898,5-236288-A-28.wav,5,28,snoring,28,snoring,True
MFCC,1899,5-236299-A-34.wav,5,34,can_opening,34,can_opening,True
MFCC,1900,5-237315-A-31.wav,5,31,mouse_click,7,insects,False
MFCC,1901,5-237499-A-4.wav,5,4,frog,0,dog,False
MFCC,1902,5-237795-A-34.wav,5,34,can_opening,15,water_drops,False
MFCC,1903,5-238021-A-35.wav,5,35,washing_machine,13,crickets,False
MFCC,1904,5-238492-A-23.wav,5,23,breathing,31,mouse_click,False
MFCC,1905,5-238926-A-31.wav,5,31,mouse_click,25,footsteps,False
MFCC,1906,5-238938-A-27.wav,5,27,brushing_teeth,27,brushing_teeth,True
MFCC,1907,5-240671-A-44.wav,5,44,engine,35,washing_machine,False
MFCC,1908,5-241846-A-15.wav,5,15,water_drops,34,can_opening,False
MFCC,1909,5-242490-A-14.wav,5,14,chirping_birds,17,pouring_water,False
MFCC,1910,5-242491-A-14.wav,5,14,chirping_birds,17,pouring_water,False
MFCC,1911,5-242492-A-3.wav,5,3,cow,24,coughing,False
MFCC,1912,5-242711-A-9.wav,5,9,crow,10,rain,False
MFCC,1913,5-242932-A-26.wav,5,26,laughing,20,crying_baby,False
MFCC,1914,5-242932-B-26.wav,5,26,laughing,20,crying_baby,False
MFCC,1915,5-243025-A-25.wav,5,25,footsteps,25,footsteps,True
MFCC,1916,5-243036-A-29.wav,5,29,drinking_sipping,23,breathing,False
MFCC,1917,5-243448-A-14.wav,5,14,chirping_birds,22,clapping,False
MFCC,1918,5-243449-A-14.wav,5,14,chirping_birds,9,crow,False
MFCC,1919,5-243450-A-14.wav,5,14,chirping_birds,4,frog,False
MFCC,1920,5-243459-A-14.wav,5,14,chirping_birds,14,chirping_birds,True
MFCC,1921,5-243459-B-14.wav,5,14,chirping_birds,17,pouring_water,False
MFCC,1922,5-243635-A-29.wav,5,29,drinking_sipping,30,door_wood_knock,False
MFCC,1923,5-243773-A-44.wav,5,44,engine,36,vacuum_cleaner,False
MFCC,1924,5-243773-B-44.wav,5,44,engine,44,engine,True
MFCC,1925,5-243783-A-44.wav,5,44,engine,36,vacuum_cleaner,False
MFCC,1926,5-244178-A-32.wav,5,32,keyboard_typing,17,pouring_water,False
MFCC,1927,5-244310-A-25.wav,5,25,footsteps,25,footsteps,True
MFCC,1928,5-244315-A-6.wav,5,6,hen,5,cat,False
MFCC,1929,5-244315-B-6.wav,5,6,hen,6,hen,True
MFCC,1930,5-244315-C-6.wav,5,6,hen,6,hen,True
MFCC,1931,5-244327-A-34.wav,5,34,can_opening,17,pouring_water,False
MFCC,1932,5-244459-A-28.wav,5,28,snoring,28,snoring,True
MFCC,1933,5-244526-A-26.wav,5,26,laughing,26,laughing,True
MFCC,1934,5-244651-A-31.wav,5,31,mouse_click,15,water_drops,False
MFCC,1935,5-244933-A-34.wav,5,34,can_opening,32,keyboard_typing,False
MFCC,1936,5-245040-A-35.wav,5,35,washing_machine,7,insects,False
MFCC,1937,5-248341-A-6.wav,5,6,hen,5,cat,False
MFCC,1938,5-248341-B-6.wav,5,6,hen,1,rooster,False
MFCC,1939,5-248341-C-6.wav,5,6,hen,6,hen,True
MFCC,1940,5-249748-A-28.wav,5,28,snoring,15,water_drops,False
MFCC,1941,5-249937-A-22.wav,5,22,clapping,22,clapping,True
MFCC,1942,5-250026-A-30.wav,5,30,door_wood_knock,30,door_wood_knock,True
MFCC,1943,5-250026-B-30.wav,5,30,door_wood_knock,25,footsteps,False
MFCC,1944,5-250258-A-49.wav,5,49,hand_saw,38,clock_tick,False
MFCC,1945,5-250629-A-37.wav,5,37,clock_alarm,37,clock_alarm,True
MFCC,1946,5-250753-A-34.wav,5,34,can_opening,31,mouse_click,False
MFCC,1947,5-251426-A-30.wav,5,30,door_wood_knock,30,door_wood_knock,True
MFCC,1948,5-251426-B-30.wav,5,30,door_wood_knock,30,door_wood_knock,True
MFCC,1949,5-251489-A-24.wav,5,24,coughing,15,water_drops,False
MFCC,1950,5-251957-A-47.wav,5,47,airplane,47,airplane,True
MFCC,1951,5-251962-A-47.wav,5,47,airplane,47,airplane,True
MFCC,1952,5-251963-A-47.wav,5,47,airplane,47,airplane,True
MFCC,1953,5-251971-A-47.wav,5,47,airplane,47,airplane,True
MFCC,1954,5-252248-A-34.wav,5,34,can_opening,15,water_drops,False
MFCC,1955,5-253085-A-3.wav,5,3,cow,2,pig,False
MFCC,1956,5-253085-B-3.wav,5,3,cow,3,cow,True
MFCC,1957,5-253094-A-49.wav,5,49,hand_saw,49,hand_saw,True
MFCC,1958,5-253094-B-49.wav,5,49,hand_saw,32,keyboard_typing,False
MFCC,1959,5-253094-C-49.wav,5,49,hand_saw,49,hand_saw,True
MFCC,1960,5-253094-D-49.wav,5,49,hand_saw,49,hand_saw,True
MFCC,1961,5-253101-A-49.wav,5,49,hand_saw,32,keyboard_typing,False
MFCC,1962,5-253101-B-49.wav,5,49,hand_saw,41,chainsaw,False
MFCC,1963,5-253101-C-49.wav,5,49,hand_saw,41,chainsaw,False
MFCC,1964,5-253534-A-26.wav,5,26,laughing,20,crying_baby,False
MFCC,1965,5-254160-A-22.wav,5,22,clapping,6,hen,False
MFCC,1966,5-254832-A-15.wav,5,15,water_drops,32,keyboard_typing,False
MFCC,1967,5-254832-B-15.wav,5,15,water_drops,34,can_opening,False
MFCC,1968,5-256452-A-5.wav,5,5,cat,5,cat,True
MFCC,1969,5-256512-A-30.wav,5,30,door_wood_knock,30,door_wood_knock,True
MFCC,1970,5-257349-A-15.wav,5,15,water_drops,17,pouring_water,False
MFCC,1971,5-257642-A-39.wav,5,39,glass_breaking,39,glass_breaking,True
MFCC,1972,5-257839-A-14.wav,5,14,chirping_birds,14,chirping_birds,True
MFCC,1973,5-259169-A-5.wav,5,5,cat,24,coughing,False
MFCC,1974,5-259180-A-15.wav,5,15,water_drops,15,water_drops,True
MFCC,1975,5-259514-A-26.wav,5,26,laughing,26,laughing,True
MFCC,1976,5-259640-A-29.wav,5,29,drinking_sipping,21,sneezing,False
MFCC,1977,5-260011-A-34.wav,5,34,can_opening,34,can_opening,True
MFCC,1978,5-260164-A-23.wav,5,23,breathing,29,drinking_sipping,False
MFCC,1979,5-260432-A-39.wav,5,39,glass_breaking,39,glass_breaking,True
MFCC,1980,5-260433-A-39.wav,5,39,glass_breaking,39,glass_breaking,True
MFCC,1981,5-260434-A-39.wav,5,39,glass_breaking,39,glass_breaking,True
MFCC,1982,5-260875-A-35.wav,5,35,washing_machine,40,helicopter,False
MFCC,1983,5-261325-A-9.wav,5,9,crow,9,crow,True
MFCC,1984,5-261433-A-15.wav,5,15,water_drops,30,door_wood_knock,False
MFCC,1985,5-261439-A-15.wav,5,15,water_drops,7,insects,False
MFCC,1986,5-261464-A-23.wav,5,23,breathing,14,chirping_birds,False
MFCC,1987,5-262641-A-15.wav,5,15,water_drops,31,mouse_click,False
MFCC,1988,5-262957-A-22.wav,5,22,clapping,16,wind,False
MFCC,1989,5-263490-A-25.wav,5,25,footsteps,45,train,False
MFCC,1990,5-263491-A-25.wav,5,25,footsteps,25,footsteps,True
MFCC,1991,5-263501-A-25.wav,5,25,footsteps,25,footsteps,True
MFCC,1992,5-263775-A-26.wav,5,26,laughing,26,laughing,True
MFCC,1993,5-263775-B-26.wav,5,26,laughing,26,laughing,True
MFCC,1994,5-263831-A-6.wav,5,6,hen,5,cat,False
MFCC,1995,5-263831-B-6.wav,5,6,hen,6,hen,True
MFCC,1996,5-263902-A-36.wav,5,36,vacuum_cleaner,37,clock_alarm,False
MFCC,1997,5-51149-A-25.wav,5,25,footsteps,29,drinking_sipping,False
MFCC,1998,5-61635-A-8.wav,5,8,sheep,32,keyboard_typing,False
MFCC,1999,5-9032-A-0.wav,5,0,dog,34,can_opening,False
